,val,source
2020-09-01 00:00:00.135012414,2070.0,Wakanda
2020-09-01 00:00:01.491934077,2400.0,Buranda
2020-09-01 00:05:00.733157824,2430.0,Buranda
2020-09-01 00:05:01.871980801,1950.0,Wakanda
2020-09-01 00:10:00.937959087,2893.6417813880516,Buranda
2020-09-01 00:10:01.117040787,2452.294186837136,Wakanda
2020-09-01 00:15:00.924775968,4599.562373144507,Wakanda
2020-09-01 00:15:01.330237820,3227.4093971785246,Buranda
2020-09-01 00:20:00.352663696,1793.946032323047,Buranda
2020-09-01 00:20:00.848571954,6486.849216909896,Wakanda
2020-09-01 00:25:00.115826896,3013.5752823188786,Buranda
2020-09-01 00:25:01.376313823,7356.017129588283,Wakanda
2020-09-01 00:30:00.541405227,2934.1274219632583,Buranda
2020-09-01 00:30:01.974883029,7203.948437124192,Wakanda
2020-09-01 00:35:00.567836128,3556.224654153838,Buranda
2020-09-01 00:35:01.608980909,5683.779520860353,Wakanda
2020-09-01 00:40:00.904050895,3520.7017630131368,Buranda
2020-09-01 00:40:01.662462771,3952.2370535134096,Wakanda
2020-09-01 00:45:01.732252838,3624.9933997770095,Buranda
2020-09-01 00:45:01.906492180,2285.643966675392,Wakanda
2020-09-01 00:50:00.851179615,2694.6055677554873,Wakanda
2020-09-01 00:50:01.116993250,3595.001980775235,Buranda
2020-09-01 00:55:00.257005160,4635.765840719998,Buranda
2020-09-01 00:55:01.192911701,3937.56576660312,Wakanda
2020-09-01 01:00:00.495490090,3017.791409508617,Buranda
2020-09-01 01:00:00.704594411,6359.567434369055,Wakanda
2020-09-01 01:05:01.713319698,6597.943899118787,Wakanda
2020-09-01 01:05:01.858520424,4423.976049760376,Buranda
2020-09-01 01:10:01.510607141,2090.4439976652457,Buranda
2020-09-01 01:10:01.631274736,5837.338239864094,Wakanda
2020-09-01 01:15:00.012979618,5147.866038903681,Wakanda
2020-09-01 01:15:00.400242120,4693.8586482356095,Buranda
2020-09-01 01:20:01.506466313,4747.20880746333,Wakanda
2020-09-01 01:20:01.743934770,1445.0826522046546,Buranda
2020-09-01 01:25:00.023509867,4298.090319081817,Wakanda
2020-09-01 01:25:01.639179034,3723.7925860698733,Buranda
2020-09-01 01:30:00.546306407,2385.801547439732,Buranda
2020-09-01 01:30:00.817697332,4127.103156065512,Wakanda
2020-09-01 01:35:00.227009937,4045.67677030552,Wakanda
2020-09-01 01:35:00.727245767,4291.18099303635,Buranda
2020-09-01 01:40:01.483084743,2156.9023913743654,Buranda
2020-09-01 01:40:01.842145041,4361.803621945459,Wakanda
2020-09-01 01:45:00.101765309,4689.449191580244,Buranda
2020-09-01 01:45:00.501020851,,Wakanda
2020-09-01 01:50:00.691844794,5534.553716345154,Wakanda
2020-09-01 01:50:00.877869013,2505.3585826869457,Buranda
2020-09-01 01:55:01.184823214,5679.719373189439,Wakanda
2020-09-01 01:55:01.646095248,4110.448021729975,Buranda
2020-09-01 02:00:01.424827677,,Buranda
2020-09-01 02:00:01.780947507,5652.918806613659,Wakanda
2020-09-01 02:05:00.421642260,3333.1589113853775,Buranda
2020-09-01 02:05:01.894492602,5117.094799317023,Wakanda
2020-09-01 02:10:00.427614352,3911.0232593709543,Wakanda
2020-09-01 02:10:00.695092742,2863.9545810999934,Buranda
2020-09-01 02:15:00.075237489,3486.1764813453055,Buranda
2020-09-01 02:15:01.081263777,3089.0358461049136,Wakanda
2020-09-01 02:20:00.875871059,3058.3222250141944,Buranda
2020-09-01 02:20:01.111860646,2893.3464085544947,Wakanda
2020-09-01 02:25:00.435729606,4252.917279604233,Buranda
2020-09-01 02:25:01.904493483,3268.0686997031685,Wakanda
2020-09-01 02:30:00.961587425,3525.4288951667595,Buranda
2020-09-01 02:30:01.443725465,4638.0661055098335,Wakanda
2020-09-01 02:35:00.334351972,5910.754826610798,Wakanda
2020-09-01 02:35:01.189094167,3840.439461062164,Buranda
2020-09-01 02:40:00.195486176,3105.588692573327,Buranda
2020-09-01 02:40:01.584156925,6453.676366179486,Wakanda
2020-09-01 02:45:00.582637944,4150.439634686663,Buranda
2020-09-01 02:45:01.847456955,6073.496317182856,Wakanda
2020-09-01 02:50:00.892628003,3049.365388143432,Buranda
2020-09-01 02:50:01.641996550,5162.73455003223,Wakanda
2020-09-01 02:55:00.153342805,4233.830290374146,Buranda
2020-09-01 02:55:01.722899992,4206.183454433988,Wakanda
2020-09-01 03:00:00.443599719,2864.829896665648,Buranda
2020-09-01 03:00:01.558378725,4399.939480878344,Wakanda
2020-09-01 03:05:01.476010876,4819.411297993282,Wakanda
2020-09-01 03:05:01.974127695,3440.399384599641,Buranda
2020-09-01 03:10:00.731423786,5747.957772288664,Wakanda
2020-09-01 03:10:01.140775972,3056.7181509872034,Buranda
2020-09-01 03:15:00.408996960,,Wakanda
2020-09-01 03:15:00.481783757,3051.526648879012,Buranda
2020-09-01 03:20:00.886042953,3513.523232251841,Buranda
2020-09-01 03:20:01.645872501,5569.9348218417545,Wakanda
2020-09-01 03:25:00.627392807,4920.654287434856,Wakanda
2020-09-01 03:25:01.245382310,2600.289426053352,Buranda
2020-09-01 03:30:00.647736539,3963.0872764628475,Buranda
2020-09-01 03:30:01.398241633,4446.676441200352,Wakanda
2020-09-01 03:35:01.584554011,4549.912468638776,Wakanda
2020-09-01 03:35:01.897506573,3420.235744204223,Buranda
2020-09-01 03:40:00.275429084,4300.653836807389,Wakanda
2020-09-01 03:40:01.014884587,3361.6089708830928,Buranda
2020-09-01 03:45:00.659961970,4074.496209674495,Wakanda
2020-09-01 03:45:00.733217854,3819.41210121265,Buranda
2020-09-01 03:50:00.668827158,3013.1948033247563,Buranda
2020-09-01 03:50:01.644151840,3619.781316748561,Wakanda
2020-09-01 03:55:00.919281342,3660.274483084224,Wakanda
2020-09-01 03:55:01.532734179,3735.512541056941,Buranda
2020-09-01 04:00:01.114661821,3139.901771016056,Buranda
2020-09-01 04:00:01.617249760,3965.3911907878564,Wakanda
2020-09-01 04:05:01.259743062,4458.733056784373,Wakanda
2020-09-01 04:05:01.280360595,2999.343621722652,Buranda
2020-09-01 04:10:00.603513904,3735.3762201300297,Buranda
2020-09-01 04:10:01.407564482,4454.652242748026,Wakanda
2020-09-01 04:15:01.390948025,5489.18072901626,Wakanda
2020-09-01 04:15:01.424849971,3289.249978686903,Buranda
2020-09-01 04:20:00.808164427,4703.266465611652,Buranda
2020-09-01 04:20:01.428725090,6845.297097476619,Wakanda
2020-09-01 04:25:01.507152817,3399.4665954069924,Buranda
2020-09-01 04:25:01.690479695,7081.094121481074,Wakanda
2020-09-01 04:30:00.217235208,3666.9322901125097,Buranda
2020-09-01 04:30:00.952986993,,Wakanda
2020-09-01 04:35:00.544524634,5911.077272226859,Wakanda
2020-09-01 04:35:01.331958078,3661.306174423744,Buranda
2020-09-01 04:40:01.192626209,4362.546287741005,Wakanda
2020-09-01 04:40:01.824669558,3758.963454193902,Buranda
2020-09-01 04:45:00.667065637,3311.1006286897236,Buranda
2020-09-01 04:45:00.942252392,3747.8436620254824,Wakanda
2020-09-01 04:50:01.604053064,3798.4507948786586,Wakanda
2020-09-01 04:50:01.763033290,4043.4366654853234,Buranda
2020-09-01 04:55:00.718706156,3507.8582565272554,Buranda
2020-09-01 04:55:01.929512033,4655.995446294503,Wakanda
2020-09-01 05:00:00.036380784,5680.190293278221,Wakanda
2020-09-01 05:00:01.051708494,2704.944503850236,Buranda
2020-09-01 05:05:00.750861530,3778.550384295044,Buranda
2020-09-01 05:05:00.803459206,6304.381143300072,Wakanda
2020-09-01 05:10:01.338222181,3014.898528991842,Buranda
2020-09-01 05:10:01.593231954,6508.810926167455,Wakanda
2020-09-01 05:15:01.211215737,6386.039601707404,Wakanda
2020-09-01 05:15:01.509268420,4172.460644995943,Buranda
2020-09-01 05:20:00.110733362,3438.3619322767127,Buranda
2020-09-01 05:20:00.312261998,5531.788947197176,Wakanda
2020-09-01 05:25:00.716391027,5922.381338086517,Wakanda
2020-09-01 05:25:00.798227901,3735.10383604465,Buranda
2020-09-01 05:30:00.366014347,4066.3779236157193,Buranda
2020-09-01 05:30:01.204244733,5746.560793464083,Wakanda
2020-09-01 05:35:01.015584380,5160.342515378827,Wakanda
2020-09-01 05:35:01.649960554,4278.320553143035,Buranda
2020-09-01 05:40:00.376278262,5013.478402598754,Wakanda
2020-09-01 05:40:01.124181903,4248.197162039294,Buranda
2020-09-01 05:45:00.631266699,3910.5533547222767,Buranda
2020-09-01 05:45:01.524134978,,Wakanda
2020-09-01 05:50:00.528418085,3678.07627505249,Buranda
2020-09-01 05:50:01.698491234,4386.433247747989,Wakanda
2020-09-01 05:55:00.736848311,4489.124784454389,Buranda
2020-09-01 05:55:01.128580653,5383.106272083694,Wakanda
2020-09-01 06:00:01.052224540,3407.383137568021,Buranda
2020-09-01 06:00:01.655227581,5841.632651744589,Wakanda
2020-09-01 06:05:00.690804333,4108.715084867561,Buranda
2020-09-01 06:05:01.895536004,5625.410885859015,Wakanda
2020-09-01 06:10:00.057660864,3273.1947358016605,Buranda
2020-09-01 06:10:00.073883144,5316.7878510156,Wakanda
2020-09-01 06:15:00.101333121,4689.338534431768,Wakanda
2020-09-01 06:15:00.883037035,4594.257342249925,Buranda
2020-09-01 06:20:00.291667966,4353.405858183046,Wakanda
2020-09-01 06:20:01.634552322,4329.13275205424,Buranda
2020-09-01 06:25:01.406827444,3542.1296425685246,Buranda
2020-09-01 06:25:01.956324905,4523.208094284175,Wakanda
2020-09-01 06:30:01.034345329,3588.2983280032877,Buranda
2020-09-01 06:30:01.528602651,4698.542579461211,Wakanda
2020-09-01 06:35:01.659265472,5249.582460107829,Wakanda
2020-09-01 06:35:01.995730450,3572.5741764262366,Buranda
2020-09-01 06:40:01.011124738,5638.996645762628,Wakanda
2020-09-01 06:40:01.511208507,3705.4305477772677,Buranda
2020-09-01 06:45:01.307752166,3180.0392161145273,Buranda
2020-09-01 06:45:01.787968859,4848.753461201325,Wakanda
2020-09-01 06:50:00.784916417,3903.033417474678,Buranda
2020-09-01 06:50:01.307205981,4897.175144221121,Wakanda
2020-09-01 06:55:00.614436156,4229.883472554682,Wakanda
2020-09-01 06:55:01.370960588,2832.051670028777,Buranda
2020-09-01 07:00:00.581499220,3661.374784592799,Buranda
2020-09-01 07:00:00.734855213,3234.2387156967784,Wakanda
2020-09-01 07:05:00.516252815,3692.186688096889,Wakanda
2020-09-01 07:05:01.235791000,4325.058860767473,Buranda
2020-09-01 07:10:00.394174841,4211.65934926433,Buranda
2020-09-01 07:10:01.597697726,4188.138297783838,Wakanda
2020-09-01 07:15:00.377085037,5724.297675129339,Wakanda
2020-09-01 07:15:00.519745276,4207.504515010534,Buranda
2020-09-01 07:20:00.638843246,3113.018956937441,Buranda
2020-09-01 07:20:01.906512261,6847.029900919999,Wakanda
2020-09-01 07:25:00.719513667,4609.309581246944,Buranda
2020-09-01 07:25:01.493200333,7483.287408077491,Wakanda
2020-09-01 07:30:00.767888885,3227.7956865508927,Buranda
2020-09-01 07:30:00.923679803,6878.360336916087,Wakanda
2020-09-01 07:35:00.705517973,6064.163477814839,Wakanda
2020-09-01 07:35:01.921934475,4376.987544483518,Buranda
2020-09-01 07:40:00.715476886,3604.1057026198378,Buranda
2020-09-01 07:40:00.819744625,5482.124771034744,Wakanda
2020-09-01 07:45:00.189111350,4539.228545438866,Wakanda
2020-09-01 07:45:00.992498722,4462.088132822893,Buranda
2020-09-01 07:50:00.056112435,4400.186330461113,Buranda
2020-09-01 07:50:01.463837403,4129.160590118932,Wakanda
2020-09-01 07:55:00.753642315,4215.546016450529,Wakanda
2020-09-01 07:55:01.899363869,3517.693717568988,Buranda
2020-09-01 08:00:00.878481754,5058.108800766538,Wakanda
2020-09-01 08:00:01.227159514,4059.3360107574217,Buranda
2020-09-01 08:05:00.010804345,2638.3235599988934,Buranda
2020-09-01 08:05:01.455569486,5881.475925605471,Wakanda
2020-09-01 08:10:00.639612801,,Wakanda
2020-09-01 08:10:01.519909639,3862.607646954375,Buranda
2020-09-01 08:15:00.986173136,,Wakanda
2020-09-01 08:15:01.122182380,3264.277917359714,Buranda
2020-09-01 08:20:00.545923937,3201.8533294050076,Buranda
2020-09-01 08:20:00.791732039,4466.455181319532,Wakanda
2020-09-01 08:25:00.301850538,4411.363039110272,Wakanda
2020-09-01 08:25:00.394368853,3375.532346085313,Buranda
2020-09-01 08:30:00.481469103,2406.559730927579,Buranda
2020-09-01 08:30:01.840872801,4368.253778846104,Wakanda
2020-09-01 08:35:01.484883833,3318.971947748731,Buranda
2020-09-01 08:35:01.671450710,4475.82772461189,Wakanda
2020-09-01 08:40:00.433657405,3764.3964769008444,Buranda
2020-09-01 08:40:00.931780127,4272.427508762908,Wakanda
2020-09-01 08:45:00.595252787,4347.325015586816,Wakanda
2020-09-01 08:45:00.991449791,3549.8195709809484,Buranda
2020-09-01 08:50:01.338599041,4573.579332161274,Wakanda
2020-09-01 08:50:01.498820175,3158.352905493414,Buranda
2020-09-01 08:55:00.363739859,3083.8888063738004,Buranda
2020-09-01 08:55:00.762431635,5234.6308385369775,Wakanda
2020-09-01 09:00:01.075313998,3326.605840217461,Buranda
2020-09-01 09:00:01.109407888,5637.489161799471,Wakanda
2020-09-01 09:05:00.531571356,3257.502155115216,Buranda
2020-09-01 09:05:01.339349035,5668.820497973053,Wakanda
2020-09-01 09:10:00.488624777,3784.510100813154,Buranda
2020-09-01 09:10:01.026537794,,Wakanda
2020-09-01 09:15:00.244985188,5924.493654405571,Wakanda
2020-09-01 09:15:01.746947139,3681.601131007869,Buranda
2020-09-01 09:20:00.899176533,4988.332995461083,Wakanda
2020-09-01 09:20:01.620113930,3439.966034648114,Buranda
2020-09-01 09:25:01.156908112,4061.4225228387495,Buranda
2020-09-01 09:25:01.184030362,3844.8875126634584,Wakanda
2020-09-01 09:30:00.670616601,3545.2394247545762,Buranda
2020-09-01 09:30:00.792997609,,Wakanda
2020-09-01 09:35:00.188180842,3776.384450830061,Wakanda
2020-09-01 09:35:01.589537010,4275.0073599954685,Buranda
2020-09-01 09:40:00.176117090,4207.060978950056,Wakanda
2020-09-01 09:40:01.591574362,3742.4705091411324,Buranda
2020-09-01 09:45:01.075880961,4034.730733530676,Buranda
2020-09-01 09:45:01.592429158,4934.69335113041,Wakanda
2020-09-01 09:50:00.266644571,3423.361601194846,Buranda
2020-09-01 09:50:00.805936280,5429.871863834256,Wakanda
2020-09-01 09:55:01.479635007,,Wakanda
2020-09-01 09:55:01.822083015,3433.213766719823,Buranda
2020-09-01 10:00:00.776283208,5159.828605583942,Wakanda
2020-09-01 10:00:00.989491212,3937.8520599057374,Buranda
2020-09-01 10:05:01.637231865,3031.4036362298466,Buranda
2020-09-01 10:05:01.976299886,4593.996784488419,Wakanda
2020-09-01 10:10:00.193852539,3442.732812555587,Buranda
2020-09-01 10:10:01.095131366,4030.565696017058,Wakanda
2020-09-01 10:15:01.227640764,4246.044806041715,Wakanda
2020-09-01 10:15:01.262395458,3570.5560375366185,Buranda
2020-09-01 10:20:00.560052784,2819.392959788172,Buranda
2020-09-01 10:20:00.803610341,3884.543213837037,Wakanda
2020-09-01 10:25:01.308330421,3722.4852562449223,Wakanda
2020-09-01 10:25:01.908270709,4842.40196121484,Buranda
2020-09-01 10:30:00.441994809,3266.1190180263598,Buranda
2020-09-01 10:30:01.886138612,4120.3955953817185,Wakanda
2020-09-01 10:35:00.154632746,5072.723648557585,Wakanda
2020-09-01 10:35:00.558564058,4008.0950861863075,Buranda
2020-09-01 10:40:01.340829729,2497.212614550593,Buranda
2020-09-01 10:40:01.865207916,5047.486665141641,Wakanda
2020-09-01 10:45:00.690406510,3946.43627894933,Buranda
2020-09-01 10:45:01.376875369,5331.920209505805,Wakanda
2020-09-01 10:50:00.015469556,6236.267918178072,Wakanda
2020-09-01 10:50:01.242282536,3537.5978405399705,Buranda
2020-09-01 10:55:00.182205096,3780.141771538767,Buranda
2020-09-01 10:55:00.698563723,5721.070212125429,Wakanda
2020-09-01 11:00:00.231004630,3213.326306207343,Buranda
2020-09-01 11:00:00.682009833,4857.01027932475,Wakanda
2020-09-01 11:05:00.842481566,4385.175359044104,Wakanda
2020-09-01 11:05:01.146835013,4722.965966427897,Buranda
2020-09-01 11:10:01.387423308,3075.0796375910827,Buranda
2020-09-01 11:10:01.588415661,4471.300977727691,Wakanda
2020-09-01 11:15:00.548670880,,Wakanda
2020-09-01 11:15:00.766851324,4876.590034100686,Buranda
2020-09-01 11:20:00.008105592,4364.315916391461,Wakanda
2020-09-01 11:20:00.292281105,3796.0457158977856,Buranda
2020-09-01 11:25:01.042817837,4239.09727684092,Wakanda
2020-09-01 11:25:01.555971190,3666.185338293047,Buranda
2020-09-01 11:30:00.799968076,4042.2939816149797,Wakanda
2020-09-01 11:30:00.990717853,3540.264908005488,Buranda
2020-09-01 11:35:00.962929790,3852.2785490428323,Buranda
2020-09-01 11:35:01.981021813,4660.679475777451,Wakanda
2020-09-01 11:40:01.172250281,5693.013250730392,Wakanda
2020-09-01 11:40:01.807074426,3780.8265532356427,Buranda
2020-09-01 11:45:00.227129840,4090.412834882879,Buranda
2020-09-01 11:45:00.521679931,6073.4892320018025,Wakanda
2020-09-01 11:50:00.006650186,3636.7723930927614,Buranda
2020-09-01 11:50:00.123642670,5921.615444502962,Wakanda
2020-09-01 11:55:01.103884720,5698.150398975067,Wakanda
2020-09-01 11:55:01.813220617,3860.917325635637,Buranda
2020-09-01 12:00:00.741884762,3366.095363500209,Buranda
2020-09-01 12:00:01.654688930,5291.36993902619,Wakanda
2020-09-01 12:05:00.531068699,4927.424025253806,Wakanda
2020-09-01 12:05:01.728937688,3438.3342514790775,Buranda
2020-09-01 12:10:00.603565672,5404.758468807971,Wakanda
2020-09-01 12:10:01.614403546,3504.6733972011025,Buranda
2020-09-01 12:15:00.003832488,5062.273438899034,Wakanda
2020-09-01 12:15:00.646712466,3243.3764217623084,Buranda
2020-09-01 12:20:00.433254799,3010.9269542055827,Buranda
2020-09-01 12:20:01.632207703,5152.504984289366,Wakanda
2020-09-01 12:25:01.090671862,,Buranda
2020-09-01 12:25:01.499125991,5588.319228085371,Wakanda
2020-09-01 12:30:00.502224165,2664.90664926414,Buranda
2020-09-01 12:30:01.104977885,5733.829441861091,Wakanda
2020-09-01 12:35:00.492264622,,Buranda
2020-09-01 12:35:01.491396072,5851.04919144728,Wakanda
2020-09-01 12:40:00.055038769,3033.7713136722323,Buranda
2020-09-01 12:40:00.650000889,5703.895709394108,Wakanda
2020-09-01 12:45:00.178353205,3696.9269435009955,Buranda
2020-09-01 12:45:00.931289432,4923.329255114067,Wakanda
2020-09-01 12:50:00.228566575,3891.1430975287794,Wakanda
2020-09-01 12:50:00.486872007,3240.7065280164247,Buranda
2020-09-01 12:55:01.734420948,3465.2180658596635,Wakanda
2020-09-01 12:55:01.843285392,3991.774058751432,Buranda
2020-09-01 13:00:00.905622080,2929.908650270689,Buranda
2020-09-01 13:00:01.263707091,3499.0010433527796,Wakanda
2020-09-01 13:05:01.580590488,4113.424437733023,Buranda
2020-09-01 13:05:01.981025448,,Wakanda
2020-09-01 13:10:00.823852152,2937.0138936332914,Buranda
2020-09-01 13:10:00.938595806,4217.606990354905,Wakanda
2020-09-01 13:15:01.084669776,4348.47315973447,Buranda
2020-09-01 13:15:01.687899733,4722.825579285542,Wakanda
2020-09-01 13:20:00.176395614,3411.695916900088,Buranda
2020-09-01 13:20:01.923567022,5849.958944857482,Wakanda
2020-09-01 13:25:01.018149538,6688.964502426241,Wakanda
2020-09-01 13:25:01.993408285,4680.888620511196,Buranda
2020-09-01 13:30:00.136110486,6798.92034896173,Wakanda
2020-09-01 13:30:00.480508131,3042.7369825217334,Buranda
2020-09-01 13:35:00.677452768,5938.795083397796,Wakanda
2020-09-01 13:35:01.228944856,4256.965883214934,Buranda
2020-09-01 13:40:01.758959156,4967.897782302514,Wakanda
2020-09-01 13:40:01.986944988,3141.6473676066908,Buranda
2020-09-01 13:45:00.044759298,2721.713620263782,Buranda
2020-09-01 13:45:00.381744785,4590.25167042625,Wakanda
2020-09-01 13:50:00.221206509,4120.993981907711,Wakanda
2020-09-01 13:50:00.300617493,3384.9618871318517,Buranda
2020-09-01 13:55:01.233191323,4524.187602402128,Wakanda
2020-09-01 13:55:01.343406254,2869.3388877086863,Buranda
2020-09-01 14:00:01.823900564,3460.5466448266734,Buranda
2020-09-01 14:00:01.861936607,3831.288329871344,Wakanda
2020-09-01 14:05:00.075585391,3363.2309093386357,Buranda
2020-09-01 14:05:01.394038206,,Wakanda
2020-09-01 14:10:00.624915298,,Buranda
2020-09-01 14:10:01.030420617,2806.2837177336587,Wakanda
2020-09-01 14:15:00.846899185,3695.1707407078297,Wakanda
2020-09-01 14:15:01.192493706,3310.0628517419327,Buranda
2020-09-01 14:20:01.025312418,5705.7065794271675,Wakanda
2020-09-01 14:20:01.613829352,4540.583237285899,Buranda
2020-09-01 14:25:00.045448754,3231.012609150029,Buranda
2020-09-01 14:25:01.347303676,,Wakanda
2020-09-01 14:30:00.083768122,4410.469876430814,Buranda
2020-09-01 14:30:01.801478266,6367.251851840197,Wakanda
2020-09-01 14:35:00.094716210,5158.456721450317,Wakanda
2020-09-01 14:35:01.674170357,3221.9143808428066,Buranda
2020-09-01 14:40:00.526390286,5230.767229483724,Buranda
2020-09-01 14:40:01.872046246,4750.395691721024,Wakanda
2020-09-01 14:45:00.234900183,2659.1859779916726,Buranda
2020-09-01 14:45:00.320366333,45308.93844401264,Wakanda
2020-09-01 14:50:00.106576892,4830.824084513009,Wakanda
2020-09-01 14:50:01.189350989,3567.548647878093,Buranda
2020-09-01 14:55:00.602304690,5267.652856489166,Wakanda
2020-09-01 14:55:01.216118596,3186.012271495184,Buranda
2020-09-01 15:00:00.631059072,5418.683450536776,Wakanda
2020-09-01 15:00:01.890159674,4123.630319879557,Buranda
2020-09-01 15:05:01.112538745,3442.1570836256806,Buranda
2020-09-01 15:05:01.856077801,5208.391463050703,Wakanda
2020-09-01 15:10:01.369648474,3753.2562608615044,Buranda
2020-09-01 15:10:01.870394232,5614.581989409087,Wakanda
2020-09-01 15:15:00.039692962,,Wakanda
2020-09-01 15:15:01.539101760,2781.275199489441,Buranda
2020-09-01 15:20:00.408084714,5352.354432344346,Wakanda
2020-09-01 15:20:00.602515446,3550.468661085597,Buranda
2020-09-01 15:25:01.289572657,3294.4253177857727,Buranda
2020-09-01 15:25:01.943262993,4865.158197250488,Wakanda
2020-09-01 15:30:00.769709526,2848.369007575276,Buranda
2020-09-01 15:30:01.361321853,,Wakanda
2020-09-01 15:35:00.640846506,3846.95061882125,Buranda
2020-09-01 15:35:01.374611168,4579.61818078683,Wakanda
2020-09-01 15:40:00.602313840,2986.3997943264067,Buranda
2020-09-01 15:40:01.864729697,5449.986102573787,Wakanda
2020-09-01 15:45:00.138496312,6460.031183971782,Wakanda
2020-09-01 15:45:00.508706414,2990.1584570342256,Buranda
2020-09-01 15:50:00.857858139,6949.371086561179,Wakanda
2020-09-01 15:50:01.999101747,3912.225555127754,Buranda
2020-09-01 15:55:00.074913893,6054.854214364459,Wakanda
2020-09-01 15:55:00.152089571,3893.196850195884,Buranda
2020-09-01 16:00:01.831360874,4290.292089905373,Buranda
2020-09-01 16:00:01.992675762,4901.56654560049,Wakanda
2020-09-01 16:05:00.050440932,3069.0591926507227,Buranda
2020-09-01 16:05:01.652023078,4637.01814520309,Wakanda
2020-09-01 16:10:00.306494348,5597.254323049514,Wakanda
2020-09-01 16:10:01.680359030,4186.226054265592,Buranda
2020-09-01 16:15:00.133897212,6067.155591045533,Wakanda
2020-09-01 16:15:00.415950486,3018.8634120745046,Buranda
2020-09-01 16:20:00.989462538,6632.9277392990825,Wakanda
2020-09-01 16:20:01.570970564,3241.5450091702774,Buranda
2020-09-01 16:25:01.017410239,6348.41866536991,Wakanda
2020-09-01 16:25:01.589170095,3411.4646118191154,Buranda
2020-09-01 16:30:00.502730040,5492.475791565691,Wakanda
2020-09-01 16:30:01.918939205,2794.4827561799125,Buranda
2020-09-01 16:35:01.041573557,3521.1648247319617,Buranda
2020-09-01 16:35:01.931388603,4772.148477718027,Wakanda
2020-09-01 16:40:01.540040630,2768.893332346583,Buranda
2020-09-01 16:40:01.623933868,4469.150926251927,Wakanda
2020-09-01 16:45:00.434583521,4432.72310559197,Wakanda
2020-09-01 16:45:01.124404482,3767.6889543206753,Buranda
2020-09-01 16:50:00.007579790,3161.379862227025,Buranda
2020-09-01 16:50:00.212564273,4450.817638914277,Wakanda
2020-09-01 16:55:00.355590007,3046.753776579209,Buranda
2020-09-01 16:55:00.538236102,4556.395300188567,Wakanda
2020-09-01 17:00:00.347692917,4734.056689744919,Wakanda
2020-09-01 17:00:01.414203335,3563.8297158046416,Buranda
2020-09-01 17:05:00.974479641,2935.142250207734,Buranda
2020-09-01 17:05:01.480452593,5570.851418823775,Wakanda
2020-09-01 17:10:01.705253310,4296.014160363148,Buranda
2020-09-01 17:10:01.994991810,5688.910461281156,Wakanda
2020-09-01 17:15:00.589560291,5563.824612936607,Wakanda
2020-09-01 17:15:01.619747136,3222.3469317136246,Buranda
2020-09-01 17:20:00.366684267,5207.5230213527,Wakanda
2020-09-01 17:20:00.570471241,3506.3319135477245,Buranda
2020-09-01 17:25:00.692858361,2788.032431309791,Buranda
2020-09-01 17:25:01.724985859,5203.577799756506,Wakanda
2020-09-01 17:30:00.451890592,,Buranda
2020-09-01 17:30:01.990360147,5487.1473820639985,Wakanda
2020-09-01 17:35:00.021742848,3104.7451554620393,Buranda
2020-09-01 17:35:01.927869910,5313.890511679494,Wakanda
2020-09-01 17:40:00.262467730,4483.794631111399,Wakanda
2020-09-01 17:40:00.936588476,3337.2103899900103,Buranda
2020-09-01 17:45:01.381015688,4075.0459735336344,Wakanda
2020-09-01 17:45:01.628771367,3938.542915636838,Buranda
2020-09-01 17:50:00.309009713,2740.7451340924554,Buranda
2020-09-01 17:50:00.594222158,4907.25699822492,Wakanda
2020-09-01 17:55:00.103792465,4839.728269803683,Buranda
2020-09-01 17:55:00.991132344,5982.707338131829,Wakanda
2020-09-01 18:00:01.764154538,2950.072295271254,Buranda
2020-09-01 18:00:01.835829982,6816.567447447636,Wakanda
2020-09-01 18:05:00.366066480,4166.481479901335,Buranda
2020-09-01 18:05:00.859398291,6960.356404480744,Wakanda
2020-09-01 18:10:01.162903879,5724.458416044854,Wakanda
2020-09-01 18:10:01.879322517,2657.1318683948894,Buranda
2020-09-01 18:15:00.480145032,3325.613434466553,Buranda
2020-09-01 18:15:00.949349756,3773.0961718685776,Wakanda
2020-09-01 18:20:00.460191879,3078.9051385370612,Buranda
2020-09-01 18:20:01.583220462,3112.095989539911,Wakanda
2020-09-01 18:25:01.364439243,4081.92109986651,Wakanda
2020-09-01 18:25:01.911030935,3447.3127751671605,Buranda
2020-09-01 18:30:00.598814182,5493.930772175661,Wakanda
2020-09-01 18:30:01.392802136,2786.1832822258466,Buranda
2020-09-01 18:35:00.402582500,6877.080612072097,Wakanda
2020-09-01 18:35:00.762394376,3049.8614948653185,Buranda
2020-09-01 18:40:00.066038912,,Buranda
2020-09-01 18:40:01.345560470,6932.311347798494,Wakanda
2020-09-01 18:45:00.316125105,2830.392766738315,Buranda
2020-09-01 18:45:00.604922090,7298.162525361417,Wakanda
2020-09-01 18:50:00.375773608,,Wakanda
2020-09-01 18:50:00.644427776,3724.5394889021727,Buranda
2020-09-01 18:55:00.071680268,,Buranda
2020-09-01 18:55:00.451872925,6257.414230105893,Wakanda
2020-09-01 19:00:00.030198220,,Buranda
2020-09-01 19:00:00.655128375,5195.932553518912,Wakanda
2020-09-01 19:05:01.251551303,4506.631487975794,Wakanda
2020-09-01 19:05:01.940260650,3650.214487488387,Buranda
2020-09-01 19:10:00.486216552,2956.047079074831,Buranda
2020-09-01 19:10:01.702416147,4391.127434423102,Wakanda
2020-09-01 19:15:00.251468515,4002.4832932312256,Buranda
2020-09-01 19:15:00.739289104,4379.849965910018,Wakanda
2020-09-01 19:20:00.813676337,4722.324363978072,Wakanda
2020-09-01 19:20:01.559903198,3430.663707057524,Buranda
2020-09-01 19:25:01.196640617,3293.402462906357,Buranda
2020-09-01 19:25:01.511089665,4846.961758372061,Wakanda
2020-09-01 19:30:01.029573299,5776.736688345717,Wakanda
2020-09-01 19:30:01.726186861,,Buranda
2020-09-01 19:35:01.578946160,2974.876937738607,Buranda
2020-09-01 19:35:01.956065850,6080.076829877455,Wakanda
2020-09-01 19:40:00.166109666,5972.7370678522775,Wakanda
2020-09-01 19:40:00.306087128,2800.708763534695,Buranda
2020-09-01 19:45:00.066608144,4865.217289290036,Wakanda
2020-09-01 19:45:00.691378061,,Buranda
2020-09-01 19:50:01.187809876,3346.4119153340953,Buranda
2020-09-01 19:50:01.427071087,3821.3828231227244,Wakanda
2020-09-01 19:55:00.052857701,3539.4820543443566,Wakanda
2020-09-01 19:55:00.757139791,3913.1486650080597,Buranda
2020-09-01 20:00:00.192081956,4420.182765417301,Wakanda
2020-09-01 20:00:00.968421432,3807.086493218412,Buranda
2020-09-01 20:05:00.133428006,4249.083454497148,Buranda
2020-09-01 20:05:00.653934904,5480.499067497034,Wakanda
2020-09-01 20:10:00.311064798,,Buranda
2020-09-01 20:10:00.346425556,5326.324102678409,Wakanda
2020-09-01 20:15:00.318029362,,Buranda
2020-09-01 20:15:01.249011906,5166.849232506469,Wakanda
2020-09-01 20:20:00.466358950,3573.664147323249,Buranda
2020-09-01 20:20:00.906330638,5110.68899003393,Wakanda
2020-09-01 20:25:00.719103906,4870.3967581123725,Wakanda
2020-09-01 20:25:01.759430558,3840.351295824329,Buranda
2020-09-01 20:30:00.355747296,5087.741561743271,Wakanda
2020-09-01 20:30:01.039694936,4267.175880550805,Buranda
2020-09-01 20:35:00.825947878,3283.1909961932433,Buranda
2020-09-01 20:35:01.143321333,5006.286528539515,Wakanda
2020-09-01 20:40:00.484057762,3524.0333051348316,Buranda
2020-09-01 20:40:01.805924266,4974.073886053609,Wakanda
2020-09-01 20:45:00.550926020,5156.530211422681,Wakanda
2020-09-01 20:45:01.080516347,3036.9724526891787,Buranda
2020-09-01 20:50:00.522890237,6084.746531288627,Wakanda
2020-09-01 20:50:01.831120236,4174.582632798829,Buranda
2020-09-01 20:55:00.498747368,5800.9156016510915,Wakanda
2020-09-01 20:55:01.314388156,3564.395152783619,Buranda
2020-09-01 21:00:01.229385959,3924.5294871125116,Buranda
2020-09-01 21:00:01.704450851,5518.875255881161,Wakanda
2020-09-01 21:05:00.029059540,4603.00518980191,Wakanda
2020-09-01 21:05:00.835536700,2587.6551688163613,Buranda
2020-09-01 21:10:00.212617726,3939.160740321977,Wakanda
2020-09-01 21:10:01.404653722,3920.2799802504087,Buranda
2020-09-01 21:15:01.219188896,4265.2658618133955,Wakanda
2020-09-01 21:15:01.429250235,3316.614772356793,Buranda
2020-09-01 21:20:00.293949175,3439.6200675982986,Buranda
2020-09-01 21:20:00.726629329,4773.917367773101,Wakanda
2020-09-01 21:25:01.192993305,3398.7365726310745,Buranda
2020-09-01 21:25:01.887627935,5225.594534770535,Wakanda
2020-09-01 21:30:00.758471426,3662.2475762131508,Buranda
2020-09-01 21:30:01.125796027,5422.887801969944,Wakanda
2020-09-01 21:35:00.626174843,3394.874466125696,Buranda
2020-09-01 21:35:01.119361510,5594.089627215862,Wakanda
2020-09-01 21:40:00.589520198,5376.748241412473,Wakanda
2020-09-01 21:40:00.835301366,4603.677054231031,Buranda
2020-09-01 21:45:00.890539656,3227.04816512613,Buranda
2020-09-01 21:45:01.371264251,4985.833881052549,Wakanda
2020-09-01 21:50:00.316412426,4277.052995942191,Wakanda
2020-09-01 21:50:00.668949537,4067.246205139927,Buranda
2020-09-01 21:55:00.299070626,4410.425373131704,Wakanda
2020-09-01 21:55:01.829310182,4111.481130648973,Buranda
2020-09-01 22:00:00.699223726,4482.901487737158,Wakanda
2020-09-01 22:00:01.366657147,,Buranda
2020-09-01 22:05:00.026122985,4929.746425882031,Wakanda
2020-09-01 22:05:01.175602761,3793.1832873954413,Buranda
2020-09-01 22:10:00.159613502,3010.9766945719152,Buranda
2020-09-01 22:10:01.959770692,5493.711705273765,Wakanda
2020-09-01 22:15:00.734804707,3781.9341129633785,Buranda
2020-09-01 22:15:01.358038175,6248.330106767524,Wakanda
2020-09-01 22:20:00.011653720,3093.259803192862,Buranda
2020-09-01 22:20:00.541355620,6525.808659476691,Wakanda
2020-09-01 22:25:00.435583702,3313.859971921594,Buranda
2020-09-01 22:25:01.223014459,6806.843558053291,Wakanda
2020-09-01 22:30:01.092735295,6917.832278181377,Wakanda
2020-09-01 22:30:01.615281532,3812.442510314986,Buranda
2020-09-01 22:35:00.722588712,6510.551034690741,Wakanda
2020-09-01 22:35:01.266877064,,Buranda
2020-09-01 22:40:00.253020576,3473.991703467054,Buranda
2020-09-01 22:40:01.801660490,5675.160610096501,Wakanda
2020-09-01 22:45:00.883231755,4593.942475518308,Wakanda
2020-09-01 22:45:01.745844245,3501.8282468788175,Buranda
2020-09-01 22:50:00.753260800,3580.633043484003,Buranda
2020-09-01 22:50:01.402617333,4243.406772248027,Wakanda
2020-09-01 22:55:00.063141039,4486.275641604669,Wakanda
2020-09-01 22:55:00.108834800,2767.0466592819525,Buranda
2020-09-01 23:00:00.355013067,5703.653015071567,Wakanda
2020-09-01 23:00:00.850639476,3144.401644115241,Buranda
2020-09-01 23:05:00.241660436,6787.614011139969,Wakanda
2020-09-01 23:05:01.825175515,,Buranda
2020-09-01 23:10:00.264279932,34269.89638756126,Buranda
2020-09-01 23:10:01.762793279,6537.840046369569,Wakanda
2020-09-01 23:15:00.100207540,3747.7250430854156,Buranda
2020-09-01 23:15:00.844590504,5431.019805298169,Wakanda
2020-09-01 23:20:00.174906425,2530.1989145574116,Buranda
2020-09-01 23:20:00.838639675,3976.5104706104235,Wakanda
2020-09-01 23:25:00.368094576,3596.6124437175604,Buranda
2020-09-01 23:25:01.215698519,2806.8812715150566,Wakanda
2020-09-01 23:30:00.563366454,,Wakanda
2020-09-01 23:30:00.735194075,2656.5991401198294,Buranda
2020-09-01 23:35:00.716434075,3934.1061843147127,Buranda
2020-09-01 23:35:01.676144756,4358.888908234391,Wakanda
2020-09-01 23:40:00.092524626,6025.605894527539,Wakanda
2020-09-01 23:40:01.785146259,2695.375149402297,Buranda
2020-09-01 23:45:00.096252069,6665.956191786052,Wakanda
2020-09-01 23:45:01.661049709,3116.490424771921,Buranda
2020-09-01 23:50:01.074059623,6476.7030872117975,Wakanda
2020-09-01 23:50:01.871946248,4213.17555344828,Buranda
2020-09-01 23:55:01.270678033,5814.610108872868,Wakanda
2020-09-01 23:55:01.823869967,,Buranda
2020-09-02 00:00:01.469102692,3768.885052512085,Buranda
2020-09-02 00:00:01.610168669,5214.925823683319,Wakanda
2020-09-02 00:05:00.063614907,3902.699401377037,Buranda
2020-09-02 00:05:00.751999149,4224.233511456537,Wakanda
2020-09-02 00:10:00.390463201,3339.0483733520077,Wakanda
2020-09-02 00:10:01.194821583,3947.9986289671506,Buranda
2020-09-02 00:15:00.024100851,3695.0325126564226,Wakanda
2020-09-02 00:15:00.544884329,3937.808717926346,Buranda
2020-09-02 00:20:00.902801173,4129.3935916449545,Wakanda
2020-09-02 00:20:01.686506333,4339.635057868107,Buranda
2020-09-02 00:25:01.453247702,3340.7144659556016,Buranda
2020-09-02 00:25:01.679517963,4720.073931049574,Wakanda
2020-09-02 00:30:00.422166716,5182.757405664957,Wakanda
2020-09-02 00:30:01.272332808,3848.3387346943327,Buranda
2020-09-02 00:35:00.774457734,3455.0848739453872,Buranda
2020-09-02 00:35:01.563746593,4991.996892025454,Wakanda
2020-09-02 00:40:00.605540165,3966.709965012474,Buranda
2020-09-02 00:40:01.594188127,5785.478380891108,Wakanda
2020-09-02 00:45:00.155132495,2595.8097172391044,Buranda
2020-09-02 00:45:00.224363047,6156.43436159679,Wakanda
2020-09-02 00:50:00.668966678,3876.587151462765,Buranda
2020-09-02 00:50:01.402137369,5227.00701110465,Wakanda
2020-09-02 00:55:00.471210462,2837.779614716347,Buranda
2020-09-02 00:55:01.909021495,4527.004396686916,Wakanda
2020-09-02 01:00:01.443061480,4666.973088876091,Buranda
2020-09-02 01:00:01.505974426,,Wakanda
2020-09-02 01:05:00.520236527,2426.517680339765,Buranda
2020-09-02 01:05:00.969297157,4274.001471612974,Wakanda
2020-09-02 01:10:00.103226279,,Buranda
2020-09-02 01:10:01.319235491,4966.180378668274,Wakanda
2020-09-02 01:15:01.187247737,,Wakanda
2020-09-02 01:15:01.751179161,2879.2745165894275,Buranda
2020-09-02 01:20:00.632884619,6678.749609001889,Wakanda
2020-09-02 01:20:01.652531846,3756.7436974234997,Buranda
2020-09-02 01:25:00.481868826,7203.845240758882,Wakanda
2020-09-02 01:25:01.734889886,,Buranda
2020-09-02 01:30:00.066527420,6851.240803918261,Wakanda
2020-09-02 01:30:01.916413112,4301.94707004907,Buranda
2020-09-02 01:35:01.272287491,6914.173003395035,Wakanda
2020-09-02 01:35:01.537040430,3559.3569599246916,Buranda
2020-09-02 01:40:00.205447717,4702.282416342992,Buranda
2020-09-02 01:40:01.684897924,5248.579606715204,Wakanda
2020-09-02 01:45:00.336226942,2780.6737983479275,Buranda
2020-09-02 01:45:00.574343165,4098.956066565057,Wakanda
2020-09-02 01:50:01.964249937,3712.2082681238485,Buranda
2020-09-02 01:50:01.990343397,4103.4316369418675,Wakanda
2020-09-02 01:55:00.102400842,3850.808689472151,Buranda
2020-09-02 01:55:00.982683590,5378.403439794049,Wakanda
2020-09-02 02:00:00.576162598,3016.006186239126,Buranda
2020-09-02 02:00:01.825646185,5940.348184312477,Wakanda
2020-09-02 02:05:00.112248570,6877.207655517794,Wakanda
2020-09-02 02:05:01.645664317,3616.7711586453947,Buranda
2020-09-02 02:10:00.095077600,7492.201546076084,Wakanda
2020-09-02 02:10:00.294003050,3133.104972606502,Buranda
2020-09-02 02:15:01.429463935,3353.581202202849,Buranda
2020-09-02 02:15:01.962629138,6234.283753137752,Wakanda
2020-09-02 02:20:01.323366957,3043.457198142385,Buranda
2020-09-02 02:20:01.763708639,5313.05123194145,Wakanda
2020-09-02 02:25:01.504360818,5249.892142872951,Wakanda
2020-09-02 02:25:01.878974504,2615.1507114561045,Buranda
2020-09-02 02:30:00.362038604,6026.818785818779,Wakanda
2020-09-02 02:30:01.258841162,4522.422488039156,Buranda
2020-09-02 02:35:00.144283288,6080.09280289333,Wakanda
2020-09-02 02:35:01.129455019,3591.4204163662216,Buranda
2020-09-02 02:40:01.227236525,4850.144266892653,Wakanda
2020-09-02 02:40:01.504676169,4097.307548982647,Buranda
2020-09-02 02:45:00.976847142,3314.7974078407383,Wakanda
2020-09-02 02:45:01.822445377,3492.631050959159,Buranda
2020-09-02 02:50:00.686600608,3422.0776747946984,Wakanda
2020-09-02 02:50:01.089604667,4365.32799550783,Buranda
2020-09-02 02:55:00.322464094,4530.938733261579,Wakanda
2020-09-02 02:55:00.907984301,3044.0490967850646,Buranda
2020-09-02 03:00:01.445746336,4097.801658181234,Buranda
2020-09-02 03:00:01.767093256,4625.550867132282,Wakanda
2020-09-02 03:05:00.859822703,4287.638734232844,Wakanda
2020-09-02 03:05:01.716878525,,Buranda
2020-09-02 03:10:00.300739040,3729.6788395113117,Buranda
2020-09-02 03:10:01.567098337,3961.9793928615663,Wakanda
2020-09-02 03:15:01.297015753,4411.088841177078,Wakanda
2020-09-02 03:15:01.986092932,3267.3504707782395,Buranda
2020-09-02 03:20:01.174308571,5127.435764831099,Wakanda
2020-09-02 03:20:01.788629610,4186.513647319589,Buranda
2020-09-02 03:25:00.112776458,5656.5865940631265,Wakanda
2020-09-02 03:25:01.840211259,3385.0890599452896,Buranda
2020-09-02 03:30:00.879571530,5319.2312230109055,Wakanda
2020-09-02 03:30:01.059966459,4611.286636809709,Buranda
2020-09-02 03:35:00.083424667,5192.229985293269,Wakanda
2020-09-02 03:35:01.984984588,3360.932864641345,Buranda
2020-09-02 03:40:00.492329326,3590.0588281622804,Buranda
2020-09-02 03:40:00.965032167,4494.9517317712525,Wakanda
2020-09-02 03:45:01.293787510,3284.9400288274646,Buranda
2020-09-02 03:45:01.546329015,4612.911987725897,Wakanda
2020-09-02 03:50:00.179933793,4681.253529630278,Wakanda
2020-09-02 03:50:01.614521623,,Buranda
2020-09-02 03:55:01.403510145,3354.46624754816,Wakanda
2020-09-02 03:55:01.438890393,3359.3903429089073,Buranda
2020-09-02 04:00:00.185012235,3215.7552556730325,Buranda
2020-09-02 04:00:01.506889712,3049.8863547639835,Wakanda
2020-09-02 04:05:00.374600106,3033.286541508445,Buranda
2020-09-02 04:05:01.750540150,,Wakanda
2020-09-02 04:10:00.377289310,4062.490388681488,Buranda
2020-09-02 04:10:00.639204337,4310.616858187819,Wakanda
2020-09-02 04:15:00.053727465,5025.308258318299,Wakanda
2020-09-02 04:15:01.323802915,3543.23743337072,Buranda
2020-09-02 04:20:00.517926067,3720.7159747680153,Buranda
2020-09-02 04:20:01.530035707,6015.9218511429035,Wakanda
2020-09-02 04:25:00.052679383,6182.393914064563,Wakanda
2020-09-02 04:25:01.328425544,3761.821481762622,Buranda
2020-09-02 04:30:00.311596527,3422.397660010729,Buranda
2020-09-02 04:30:01.646953769,5819.31188099632,Wakanda
2020-09-02 04:35:00.789202069,4112.7366023403565,Buranda
2020-09-02 04:35:01.567325537,4981.157816246091,Wakanda
2020-09-02 04:40:00.458366730,3803.1117289078243,Wakanda
2020-09-02 04:40:01.826077709,,Buranda
2020-09-02 04:45:00.336054769,2986.9279921619604,Wakanda
2020-09-02 04:45:01.719306730,3608.9318257807154,Buranda
2020-09-02 04:50:01.359689901,3952.924532842576,Buranda
2020-09-02 04:50:01.869578418,3022.42612246065,Wakanda
2020-09-02 04:55:00.209378527,,Wakanda
2020-09-02 04:55:01.127896310,3169.0899242566984,Buranda
2020-09-02 05:00:00.285866952,4511.337171294166,Wakanda
2020-09-02 05:00:01.941478256,4020.5242747529624,Buranda
2020-09-02 05:05:01.637107021,2795.3064677554526,Buranda
2020-09-02 05:05:01.778273804,4805.753925993672,Wakanda
2020-09-02 05:10:01.095604532,3893.799051756632,Buranda
2020-09-02 05:10:01.455798995,,Wakanda
2020-09-02 05:15:01.611816857,4025.032891634085,Wakanda
2020-09-02 05:15:01.912423357,2738.1847407480736,Buranda
2020-09-02 05:20:00.447547946,3655.329842928005,Buranda
2020-09-02 05:20:00.633636578,4302.018800392729,Wakanda
2020-09-02 05:25:01.447636554,5166.550554402844,Wakanda
2020-09-02 05:25:01.801427672,3590.184103555226,Buranda
2020-09-02 05:30:00.602975883,6158.832709856372,Wakanda
2020-09-02 05:30:00.769758781,3734.4648099073697,Buranda
2020-09-02 05:35:00.183122375,6796.834826978956,Wakanda
2020-09-02 05:35:01.396209589,3426.4664917659434,Buranda
2020-09-02 05:40:00.199332582,2676.881498237813,Buranda
2020-09-02 05:40:00.331103251,6511.1294426790455,Wakanda
2020-09-02 05:45:00.091210731,5099.562767690022,Wakanda
2020-09-02 05:45:01.694231686,3911.8334191945273,Buranda
2020-09-02 05:50:01.621330398,2688.546257520845,Buranda
2020-09-02 05:50:01.666513837,4305.63819871496,Wakanda
2020-09-02 05:55:00.524325921,3439.794418412724,Buranda
2020-09-02 05:55:00.735754314,4305.575105940854,Wakanda
2020-09-02 06:00:00.254534927,4712.600631684587,Wakanda
2020-09-02 06:00:01.788470029,2601.215241972578,Buranda
2020-09-02 06:05:00.751388651,,Wakanda
2020-09-02 06:05:00.918601772,3752.048223976919,Buranda
2020-09-02 06:10:01.138414165,2357.015720717706,Buranda
2020-09-02 06:10:01.566382077,5116.337475190134,Wakanda
2020-09-02 06:15:00.193455387,4628.70126582381,Wakanda
2020-09-02 06:15:01.248971384,4485.9636814694095,Buranda
2020-09-02 06:20:01.126624920,2789.707803376306,Buranda
2020-09-02 06:20:01.682456074,4223.83209304563,Wakanda
2020-09-02 06:25:00.448231925,4015.985245360409,Wakanda
2020-09-02 06:25:00.751880606,4086.701868631373,Buranda
2020-09-02 06:30:01.470290478,2798.292014455501,Buranda
2020-09-02 06:30:01.780982060,4370.792976370617,Wakanda
2020-09-02 06:35:00.059636993,4028.272717502169,Buranda
2020-09-02 06:35:01.051516156,5159.758547079222,Wakanda
2020-09-02 06:40:00.665223799,3647.937725908189,Buranda
2020-09-02 06:40:01.713680668,6076.103055005923,Wakanda
2020-09-02 06:45:00.600757632,6253.490441138268,Wakanda
2020-09-02 06:45:01.694689299,3607.175617154854,Buranda
2020-09-02 06:50:00.679778318,57942.41012774346,Wakanda
2020-09-02 06:50:01.252753604,4206.748885292831,Buranda
2020-09-02 06:55:00.680313201,3699.7152156366005,Buranda
2020-09-02 06:55:01.218616922,6025.802181937327,Wakanda
2020-09-02 07:00:00.253888351,,Buranda
2020-09-02 07:00:01.914885763,6352.013830342988,Wakanda
2020-09-02 07:05:00.925728871,5909.829477763173,Wakanda
2020-09-02 07:05:01.038668439,2589.422326984233,Buranda
2020-09-02 07:10:00.068215876,,Wakanda
2020-09-02 07:10:01.351644538,3254.8274156134894,Buranda
2020-09-02 07:15:00.532547702,4214.270668090723,Wakanda
2020-09-02 07:15:01.890065219,3109.0415207219776,Buranda
2020-09-02 07:20:00.589652797,4197.2303797173545,Buranda
2020-09-02 07:20:01.836874278,3701.748441844771,Wakanda
2020-09-02 07:25:01.488029941,2276.48820169129,Buranda
2020-09-02 07:25:01.729303992,3619.0232346886696,Wakanda
2020-09-02 07:30:00.837831923,4024.5289158139694,Wakanda
2020-09-02 07:30:01.641181108,4523.155124053004,Buranda
2020-09-02 07:35:00.668392243,,Wakanda
2020-09-02 07:35:00.702064252,2810.1577752958838,Buranda
2020-09-02 07:40:00.419186541,4047.559715350925,Buranda
2020-09-02 07:40:01.304189934,47972.18848742392,Wakanda
2020-09-02 07:45:00.411712994,4885.845463460673,Wakanda
2020-09-02 07:45:00.845371851,3600.550458401772,Buranda
2020-09-02 07:50:00.470213759,4900.040067657961,Wakanda
2020-09-02 07:50:01.518970418,3302.906984286638,Buranda
2020-09-02 07:55:00.836859678,,Wakanda
2020-09-02 07:55:01.079957355,4366.910360929419,Buranda
2020-09-02 08:00:00.316740961,4840.1301977678195,Wakanda
2020-09-02 08:00:00.833498572,2466.3331351636507,Buranda
2020-09-02 08:05:00.004273651,4269.122671293169,Buranda
2020-09-02 08:05:01.364660925,3998.370897894448,Wakanda
2020-09-02 08:10:00.872784118,2201.518991733531,Buranda
2020-09-02 08:10:01.722533169,3567.1288922310678,Wakanda
2020-09-02 08:15:00.912480708,4314.324355896313,Wakanda
2020-09-02 08:15:01.220906505,4247.25571527307,Buranda
2020-09-02 08:20:00.816880351,3473.3828381870653,Buranda
2020-09-02 08:20:01.766850718,5278.450503668291,Wakanda
2020-09-02 08:25:00.192047309,4262.066155604466,Buranda
2020-09-02 08:25:00.225165714,6235.585910666943,Wakanda
2020-09-02 08:30:00.684793609,6073.670155488589,Wakanda
2020-09-02 08:30:00.741198622,3908.7304476821955,Buranda
2020-09-02 08:35:00.134713940,3617.4401132268804,Buranda
2020-09-02 08:35:01.410152658,5475.560984416868,Wakanda
2020-09-02 08:40:00.569662499,4801.987186413344,Wakanda
2020-09-02 08:40:00.971811480,3729.2174388890203,Buranda
2020-09-02 08:45:01.510441386,3076.2063414500103,Buranda
2020-09-02 08:45:01.522977690,4652.740729540345,Wakanda
2020-09-02 08:50:00.751337863,3759.3755929087747,Buranda
2020-09-02 08:50:01.492010689,4544.233736418195,Wakanda
2020-09-02 08:55:00.945468345,2796.2386079061503,Buranda
2020-09-02 08:55:01.973349207,4572.626147277049,Wakanda
2020-09-02 09:00:01.412442316,3608.689161447341,Buranda
2020-09-02 09:00:01.625278161,,Wakanda
2020-09-02 09:05:01.285091868,5707.343485207426,Wakanda
2020-09-02 09:05:01.990985771,4032.6690229171704,Buranda
2020-09-02 09:10:00.880990438,5487.991204251408,Wakanda
2020-09-02 09:10:01.462131512,4125.360182736195,Buranda
2020-09-02 09:15:01.426636801,3863.9616470095143,Buranda
2020-09-02 09:15:01.538084487,5277.131202008097,Wakanda
2020-09-02 09:20:00.229592825,,Buranda
2020-09-02 09:20:00.449560356,5001.070992116021,Wakanda
2020-09-02 09:25:00.260494791,4681.080249605433,Wakanda
2020-09-02 09:25:01.941996885,3164.429381933874,Buranda
2020-09-02 09:30:01.420223258,4624.087670506955,Buranda
2020-09-02 09:30:01.430918238,41711.165913121644,Wakanda
2020-09-02 09:35:00.369534142,3316.1701492855846,Wakanda
2020-09-02 09:35:01.165750671,3514.5462360872357,Buranda
2020-09-02 09:40:00.113480954,4591.0824308398805,Buranda
2020-09-02 09:40:01.804161157,3832.907050443499,Wakanda
2020-09-02 09:45:00.600157768,3456.146748176062,Buranda
2020-09-02 09:45:01.987265863,4800.8995493176735,Wakanda
2020-09-02 09:50:00.676154143,4372.92736267239,Buranda
2020-09-02 09:50:01.403063679,5529.721360370824,Wakanda
2020-09-02 09:55:00.767170116,5963.16906056629,Wakanda
2020-09-02 09:55:01.334263474,3432.5338965254678,Buranda
2020-09-02 10:00:00.808632853,4156.149879492914,Buranda
2020-09-02 10:00:00.876836183,6026.696825292915,Wakanda
2020-09-02 10:05:00.225328465,4859.363670242697,Wakanda
2020-09-02 10:05:01.690788071,4004.139138702949,Buranda
2020-09-02 10:10:01.068979432,2796.4146633205046,Buranda
2020-09-02 10:10:01.869779191,4486.030764066314,Wakanda
2020-09-02 10:15:00.052042401,4529.46899102427,Wakanda
2020-09-02 10:15:00.333800381,,Buranda
2020-09-02 10:20:00.125933674,3982.496493306524,Wakanda
2020-09-02 10:20:01.570460116,3419.056636777874,Buranda
2020-09-02 10:25:01.634453235,3686.6941929291024,Buranda
2020-09-02 10:25:01.644472388,3363.484332658597,Wakanda
2020-09-02 10:30:00.193790011,3492.2630636083973,Wakanda
2020-09-02 10:30:00.329685324,3391.532646994969,Buranda
2020-09-02 10:35:00.127882270,4281.5508499450825,Buranda
2020-09-02 10:35:01.935542211,4028.387999284386,Wakanda
2020-09-02 10:40:00.185074073,4869.213786189463,Wakanda
2020-09-02 10:40:01.850435490,3382.5927384529546,Buranda
2020-09-02 10:45:00.936961552,5710.912221011144,Wakanda
2020-09-02 10:45:01.714198696,3622.571683903376,Buranda
2020-09-02 10:50:01.399533870,,Wakanda
2020-09-02 10:50:01.857449936,3446.6248719795067,Buranda
2020-09-02 10:55:00.240304359,6164.755629446805,Wakanda
2020-09-02 10:55:00.932039244,4178.763779454985,Buranda
2020-09-02 11:00:00.544083928,6148.950381232222,Wakanda
2020-09-02 11:00:00.747320163,3240.3597897561317,Buranda
2020-09-02 11:05:00.705815564,5294.957932580399,Wakanda
2020-09-02 11:05:00.710238754,3526.3962963152644,Buranda
2020-09-02 11:10:00.761284866,4525.4076894517275,Wakanda
2020-09-02 11:10:01.948105976,4017.0703393262083,Buranda
2020-09-02 11:15:00.240770321,4427.565963864627,Wakanda
2020-09-02 11:15:00.726108753,2641.8761176771654,Buranda
2020-09-02 11:20:00.201768227,4979.934512138207,Wakanda
2020-09-02 11:20:01.252983183,3126.6293174864195,Buranda
2020-09-02 11:25:00.597204476,5057.104624012527,Wakanda
2020-09-02 11:25:00.758059450,3516.503403681206,Buranda
2020-09-02 11:30:00.499516842,4541.264864295295,Buranda
2020-09-02 11:30:00.708850529,4953.846915933121,Wakanda
2020-09-02 11:35:01.387962652,5372.158788990708,Wakanda
2020-09-02 11:35:01.508406974,2896.9168168587794,Buranda
2020-09-02 11:40:00.335455844,4375.741616564523,Buranda
2020-09-02 11:40:00.687829459,5435.290201850961,Wakanda
2020-09-02 11:45:00.203801356,5139.717625829946,Wakanda
2020-09-02 11:45:01.245004794,3655.346196730277,Buranda
2020-09-02 11:50:00.089318639,4977.192125917931,Wakanda
2020-09-02 11:50:01.215441789,3884.255973256319,Buranda
2020-09-02 11:55:01.482926765,,Buranda
2020-09-02 11:55:01.668692068,4698.832269553612,Wakanda
2020-09-02 12:00:00.680091915,3319.895855750258,Buranda
2020-09-02 12:00:00.974780516,4328.542446662443,Wakanda
2020-09-02 12:05:00.867232321,4532.626626384599,Wakanda
2020-09-02 12:05:01.425642762,2941.90297265382,Buranda
2020-09-02 12:10:00.999738055,3680.666993643709,Buranda
2020-09-02 12:10:01.201907934,4580.654850969298,Wakanda
2020-09-02 12:15:00.587337811,5223.350852304286,Wakanda
2020-09-02 12:15:01.423191403,3426.5766767459404,Buranda
2020-09-02 12:20:00.012094835,,Wakanda
2020-09-02 12:20:01.142703557,3952.937280380606,Buranda
2020-09-02 12:25:01.162796527,4064.111981727866,Wakanda
2020-09-02 12:25:01.745517035,3521.593674713618,Buranda
2020-09-02 12:30:00.196343087,4463.219487396261,Buranda
2020-09-02 12:30:00.468104630,,Wakanda
2020-09-02 12:35:00.093045959,3573.933021153456,Buranda
2020-09-02 12:35:00.722885051,4204.43313431681,Wakanda
2020-09-02 12:40:00.023408586,4362.962708443377,Wakanda
2020-09-02 12:40:01.547376845,4185.8047538870105,Buranda
2020-09-02 12:45:01.696626938,,Wakanda
2020-09-02 12:45:01.713547133,3565.5811392514506,Buranda
2020-09-02 12:50:00.449478007,3051.522335572258,Buranda
2020-09-02 12:50:01.016948650,4836.744204253962,Wakanda
2020-09-02 12:55:00.804850145,3882.145222542026,Buranda
2020-09-02 12:55:01.949460468,4928.574311718224,Wakanda
2020-09-02 13:00:00.329179062,5021.295714319049,Wakanda
2020-09-02 13:00:00.608803312,3345.868344067847,Buranda
2020-09-02 13:05:00.690203520,4928.861231315545,Wakanda
2020-09-02 13:05:01.648533070,3783.299123473038,Buranda
2020-09-02 13:10:00.360374125,4437.667441369195,Wakanda
2020-09-02 13:10:00.837247743,2848.77710704518,Buranda
2020-09-02 13:15:00.106568127,,Wakanda
2020-09-02 13:15:00.484854225,4308.0346198209445,Buranda
2020-09-02 13:20:01.247249585,4504.338595009971,Wakanda
2020-09-02 13:20:01.858800458,2428.0679820233518,Buranda
2020-09-02 13:25:00.190025820,5051.90778921129,Wakanda
2020-09-02 13:25:00.672218722,,Buranda
2020-09-02 13:30:01.106505120,3055.1559697343473,Buranda
2020-09-02 13:30:01.273312605,5177.127173920719,Wakanda
2020-09-02 13:35:00.475846146,5309.443878760469,Wakanda
2020-09-02 13:35:00.974783960,4426.996608835727,Buranda
2020-09-02 13:40:00.218224929,3420.514377767988,Buranda
2020-09-02 13:40:00.670523343,4809.565534628605,Wakanda
2020-09-02 13:45:00.756071736,4333.35847658527,Wakanda
2020-09-02 13:45:01.713530194,3918.074867365569,Buranda
2020-09-02 13:50:00.029374690,4260.186517121362,Wakanda
2020-09-02 13:50:00.812601988,3963.923780217876,Buranda
2020-09-02 13:55:00.591011441,4140.561280864695,Wakanda
2020-09-02 13:55:01.015666923,3936.9654937220457,Buranda
2020-09-02 14:00:00.131447528,4215.05529069896,Wakanda
2020-09-02 14:00:01.303191304,3511.227969454161,Buranda
2020-09-02 14:05:00.215028232,4073.8693951302835,Wakanda
2020-09-02 14:05:01.776723685,,Buranda
2020-09-02 14:10:01.231260821,3665.7890873924316,Buranda
2020-09-02 14:10:01.514546519,4808.995307535219,Wakanda
2020-09-02 14:15:00.022121306,5780.417695467706,Wakanda
2020-09-02 14:15:00.825624568,4166.02213143661,Buranda
2020-09-02 14:20:01.208060391,5753.577091886833,Wakanda
2020-09-02 14:20:01.569089571,3876.7696913492437,Buranda
2020-09-02 14:25:00.906196429,3493.6300923302297,Buranda
2020-09-02 14:25:01.201992832,5489.006605351764,Wakanda
2020-09-02 14:30:01.106590714,6094.037297535477,Wakanda
2020-09-02 14:30:01.441949306,3850.6814219182766,Buranda
2020-09-02 14:35:00.521795290,6377.522457751099,Wakanda
2020-09-02 14:35:01.735638446,4107.625143365858,Buranda
2020-09-02 14:40:00.164863737,4242.4311038237665,Buranda
2020-09-02 14:40:00.179247158,4842.943610712179,Wakanda
2020-09-02 14:45:00.669886131,4027.132907799145,Wakanda
2020-09-02 14:45:01.652408572,4352.923580423838,Buranda
2020-09-02 14:50:00.281812786,4814.791059580078,Buranda
2020-09-02 14:50:01.446156297,4300.585034583855,Wakanda
2020-09-02 14:55:00.057591491,4689.9111593723055,Wakanda
2020-09-02 14:55:00.975270143,4332.96469804561,Buranda
2020-09-02 15:00:00.009304830,4132.6379946897105,Buranda
2020-09-02 15:00:00.327149521,4678.824810915272,Wakanda
2020-09-02 15:05:01.537306399,3992.3171274167694,Buranda
2020-09-02 15:05:01.851812329,4556.722326526751,Wakanda
2020-09-02 15:10:01.839719605,3406.385443928909,Buranda
2020-09-02 15:10:01.883060400,4603.692811965471,Wakanda
2020-09-02 15:15:00.016116856,4112.494015549995,Buranda
2020-09-02 15:15:01.422512766,41799.91245720209,Wakanda
2020-09-02 15:20:00.219543655,4317.515014681756,Wakanda
2020-09-02 15:20:01.496208800,3084.137202424813,Buranda
2020-09-02 15:25:00.072620463,4314.885653388718,Buranda
2020-09-02 15:25:00.128345199,,Wakanda
2020-09-02 15:30:00.176953709,3673.963518470875,Buranda
2020-09-02 15:30:00.978833398,4820.523311598477,Wakanda
2020-09-02 15:35:01.043797707,6209.676895468627,Wakanda
2020-09-02 15:35:01.643308102,3438.620006864383,Buranda
2020-09-02 15:40:00.911874198,7774.077217050011,Wakanda
2020-09-02 15:40:01.167454924,3640.8809428976974,Buranda
2020-09-02 15:45:00.517339902,2775.1191935452416,Buranda
2020-09-02 15:45:01.630618641,8595.527332988906,Wakanda
2020-09-02 15:50:00.993163327,8232.563334130675,Wakanda
2020-09-02 15:50:01.281295025,4854.2477405703785,Buranda
2020-09-02 15:55:00.758658571,6996.432945896459,Wakanda
2020-09-02 15:55:01.774873693,3200.8275359573527,Buranda
2020-09-02 16:00:00.768795526,4840.198054220081,Buranda
2020-09-02 16:00:01.391622335,,Wakanda
2020-09-02 16:05:00.779055618,2725.569037521026,Buranda
2020-09-02 16:05:01.800430848,,Wakanda
2020-09-02 16:10:00.339275650,3002.872922234641,Wakanda
2020-09-02 16:10:00.784114449,4618.264786639738,Buranda
2020-09-02 16:15:01.608673526,2378.2286151480444,Buranda
2020-09-02 16:15:01.779990407,4182.937008540926,Wakanda
2020-09-02 16:20:00.654465042,3894.434844216527,Buranda
2020-09-02 16:20:01.537231548,5132.095147171994,Wakanda
2020-09-02 16:25:00.773576592,5320.20165220267,Wakanda
2020-09-02 16:25:01.302453001,3412.156531808569,Buranda
2020-09-02 16:30:01.208931394,5413.34850523667,Wakanda
2020-09-02 16:30:01.825654549,4061.748300010933,Buranda
2020-09-02 16:35:01.011780474,5375.784045322779,Wakanda
2020-09-02 16:35:01.778978677,3348.8886707906686,Buranda
2020-09-02 16:40:00.874132902,4591.00518932773,Buranda
2020-09-02 16:40:01.958652080,5059.30189091809,Wakanda
2020-09-02 16:45:00.029132286,2342.964944408918,Buranda
2020-09-02 16:45:00.537062130,5307.331613795972,Wakanda
2020-09-02 16:50:00.013700732,4851.868597197099,Buranda
2020-09-02 16:50:00.593178995,5396.646971178567,Wakanda
2020-09-02 16:55:00.464864392,2602.358010249678,Buranda
2020-09-02 16:55:00.730342184,,Wakanda
2020-09-02 17:00:00.542426448,4936.525840577,Wakanda
2020-09-02 17:00:01.149969475,4890.2415078338345,Buranda
2020-09-02 17:05:00.407572583,2087.1617241090466,Buranda
2020-09-02 17:05:00.537683942,4428.744887568099,Wakanda
2020-09-02 17:10:00.488766328,,Wakanda
2020-09-02 17:10:01.558358350,4097.96712540933,Buranda
2020-09-02 17:15:01.049520035,2322.6931373780167,Buranda
2020-09-02 17:15:01.463657809,4832.140300251952,Wakanda
2020-09-02 17:20:00.895974345,3386.8902075015453,Buranda
2020-09-02 17:20:01.972791364,5468.563607492831,Wakanda
2020-09-02 17:25:00.732701906,2754.5719821864736,Buranda
2020-09-02 17:25:00.886591125,5585.2840898267905,Wakanda
2020-09-02 17:30:01.281907584,6196.940132829637,Wakanda
2020-09-02 17:30:01.533061034,3936.554132246294,Buranda
2020-09-02 17:35:01.736476023,2483.4789519197757,Buranda
2020-09-02 17:35:01.962303218,6130.833697890381,Wakanda
2020-09-02 17:40:00.159620363,4166.487362746393,Buranda
2020-09-02 17:40:01.393822231,5524.138420680532,Wakanda
2020-09-02 17:45:00.431713098,5307.9687771431745,Wakanda
2020-09-02 17:45:01.288989360,3108.7443234579405,Buranda
2020-09-02 17:50:01.384040666,5199.383540495779,Wakanda
2020-09-02 17:50:01.511241383,49313.27775490812,Buranda
2020-09-02 17:55:00.848139889,5317.164025149796,Wakanda
2020-09-02 17:55:00.894750511,3754.9260089645786,Buranda
2020-09-02 18:00:00.309280619,5057.963875818129,Wakanda
2020-09-02 18:00:01.106949255,,Buranda
2020-09-02 18:05:00.103096521,3972.1379781577552,Wakanda
2020-09-02 18:05:01.339583944,3855.5862507807956,Buranda
2020-09-02 18:10:01.212473167,3802.844684995981,Wakanda
2020-09-02 18:10:01.845146580,2253.529657931289,Buranda
2020-09-02 18:15:01.638786605,4824.214434105646,Wakanda
2020-09-02 18:15:01.702392895,3529.8694994222087,Buranda
2020-09-02 18:20:00.081685356,6463.530061605122,Wakanda
2020-09-02 18:20:00.260433615,3370.4068212820584,Buranda
2020-09-02 18:25:00.820711655,3464.3250300293566,Buranda
2020-09-02 18:25:00.848667761,6715.583379430409,Wakanda
2020-09-02 18:30:01.500631935,4032.535604637675,Buranda
2020-09-02 18:30:01.785884263,,Wakanda
2020-09-02 18:35:00.967780033,,Wakanda
2020-09-02 18:35:01.510299054,3631.0350707212815,Buranda
2020-09-02 18:40:01.218258092,4801.27244505097,Wakanda
2020-09-02 18:40:01.258154180,3480.4478014203214,Buranda
2020-09-02 18:45:00.680464990,3403.819351232872,Wakanda
2020-09-02 18:45:01.691258179,3707.0169801914953,Buranda
2020-09-02 18:50:00.315963069,3343.431133656987,Wakanda
2020-09-02 18:50:01.288950313,,Buranda
2020-09-02 18:55:00.113441684,4190.235177328248,Wakanda
2020-09-02 18:55:01.449158458,3838.5703163450034,Buranda
2020-09-02 19:00:01.300546167,5275.162348803841,Wakanda
2020-09-02 19:00:01.807703540,3110.1461076194005,Buranda
2020-09-02 19:05:01.309900315,4290.556646208076,Buranda
2020-09-02 19:05:01.790221112,6265.914170784409,Wakanda
2020-09-02 19:10:00.302325284,2957.284930079262,Buranda
2020-09-02 19:10:00.690263087,6731.411043634123,Wakanda
2020-09-02 19:15:01.082373768,4070.0589994375646,Buranda
2020-09-02 19:15:01.686430718,6614.2478062411,Wakanda
2020-09-02 19:20:00.407622689,5460.985386611032,Wakanda
2020-09-02 19:20:01.714096742,,Buranda
2020-09-02 19:25:00.134855062,3870.0889108355723,Buranda
2020-09-02 19:25:01.241654634,4814.598373872426,Wakanda
2020-09-02 19:30:00.697439380,4082.2922392271776,Buranda
2020-09-02 19:30:01.915813401,4388.363615167279,Wakanda
2020-09-02 19:35:00.688586657,4632.726362955658,Wakanda
2020-09-02 19:35:01.136979258,3290.260478608212,Buranda
2020-09-02 19:40:00.357891777,4567.252428214664,Wakanda
2020-09-02 19:40:00.670589390,3653.1117588587194,Buranda
2020-09-02 19:45:00.693464946,,Buranda
2020-09-02 19:45:01.687551270,4667.892504528298,Wakanda
2020-09-02 19:50:00.111272220,5093.128482836301,Wakanda
2020-09-02 19:50:00.196517372,2407.5714168810746,Buranda
2020-09-02 19:55:00.274760701,5019.055828192702,Wakanda
2020-09-02 19:55:01.018419303,3290.1947331645515,Buranda
2020-09-02 20:00:00.073931646,3571.6228335423443,Buranda
2020-09-02 20:00:00.200484433,51625.41575626731,Wakanda
2020-09-02 20:05:00.369564859,2901.524175143323,Buranda
2020-09-02 20:05:01.923466600,5400.820295436767,Wakanda
2020-09-02 20:10:00.188977582,3858.6875829631363,Buranda
2020-09-02 20:10:01.594007659,4949.601838943436,Wakanda
2020-09-02 20:15:00.700871294,4503.196815607551,Wakanda
2020-09-02 20:15:01.083971115,3044.3855018816557,Buranda
2020-09-02 20:20:00.242554533,4711.975480104742,Wakanda
2020-09-02 20:20:01.133561164,3248.365987412534,Buranda
2020-09-02 20:25:00.741372425,3084.254517058097,Buranda
2020-09-02 20:25:00.973308448,5043.790680626888,Wakanda
2020-09-02 20:30:00.879174291,3859.132417889992,Buranda
2020-09-02 20:30:00.888667018,4917.832243144836,Wakanda
2020-09-02 20:35:00.118149945,3670.429892640891,Buranda
2020-09-02 20:35:01.793916153,4837.694064320082,Wakanda
2020-09-02 20:40:01.598064356,4658.331217705892,Buranda
2020-09-02 20:40:01.984527419,4807.084008210293,Wakanda
2020-09-02 20:45:00.198999073,4873.317691632017,Wakanda
2020-09-02 20:45:01.748920608,2934.718894191475,Buranda
2020-09-02 20:50:00.832021244,5069.499490348054,Buranda
2020-09-02 20:50:01.063273280,5707.989950801916,Wakanda
2020-09-02 20:55:01.101186985,5514.187514202384,Wakanda
2020-09-02 20:55:01.860815578,3446.9725581331854,Buranda
2020-09-02 21:00:00.636241980,3777.629639128365,Buranda
2020-09-02 21:00:01.940197172,5012.426812036757,Wakanda
2020-09-02 21:05:00.964930331,3668.5106718008046,Buranda
2020-09-02 21:05:01.402282331,4406.175614130883,Wakanda
2020-09-02 21:10:00.275005208,3950.583584176908,Buranda
2020-09-02 21:10:01.047856499,3879.279960883783,Wakanda
2020-09-02 21:15:01.489069080,3694.7140084550747,Buranda
2020-09-02 21:15:01.798979804,3713.721891286089,Wakanda
2020-09-02 21:20:01.341886947,4141.32188986387,Wakanda
2020-09-02 21:20:01.985170993,3569.041187024909,Buranda
2020-09-02 21:25:00.071914313,3104.4878353608633,Buranda
2020-09-02 21:25:01.192642009,4536.156350399244,Wakanda
2020-09-02 21:30:00.425912334,3394.0916714365026,Buranda
2020-09-02 21:30:01.881003923,5593.410672589721,Wakanda
2020-09-02 21:35:01.124787879,6139.820997604253,Wakanda
2020-09-02 21:35:01.718777565,,Buranda
2020-09-02 21:40:00.303280253,6604.934249331632,Wakanda
2020-09-02 21:40:01.108564392,3315.5326030146157,Buranda
2020-09-02 21:45:00.073109669,3750.0950145548345,Buranda
2020-09-02 21:45:00.903845363,7058.514442543789,Wakanda
2020-09-02 21:50:00.191866897,3626.3448280042985,Buranda
2020-09-02 21:50:01.096587705,6582.094100370685,Wakanda
2020-09-02 21:55:00.113919163,,Buranda
2020-09-02 21:55:00.257263377,5320.567856670372,Wakanda
2020-09-02 22:00:00.269436273,4116.036547414016,Buranda
2020-09-02 22:00:01.229925777,3545.0458803671213,Wakanda
2020-09-02 22:05:00.554821402,3258.3418279239863,Buranda
2020-09-02 22:05:01.812225188,2343.994346421471,Wakanda
2020-09-02 22:10:00.187455063,4286.278359123185,Buranda
2020-09-02 22:10:00.780500533,2436.503638725885,Wakanda
2020-09-02 22:15:01.037774421,34454.82774575486,Buranda
2020-09-02 22:15:01.186097307,3355.4177714444018,Wakanda
2020-09-02 22:20:00.264436278,3633.1418809011193,Buranda
2020-09-02 22:20:00.306316285,4914.286784162346,Wakanda
2020-09-02 22:25:00.150513467,3876.614442445648,Buranda
2020-09-02 22:25:00.217905418,5879.072351795976,Wakanda
2020-09-02 22:30:00.455062106,2899.8717139062824,Buranda
2020-09-02 22:30:00.618922800,6381.550230988048,Wakanda
2020-09-02 22:35:00.329515404,2656.311452117402,Buranda
2020-09-02 22:35:01.102386739,6655.092338539085,Wakanda
2020-09-02 22:40:00.289501959,,Buranda
2020-09-02 22:40:00.348087406,5373.874752627925,Wakanda
2020-09-02 22:45:00.667401833,3389.8586113372257,Buranda
2020-09-02 22:45:01.909167593,,Wakanda
2020-09-02 22:50:00.486958120,3717.513891679595,Buranda
2020-09-02 22:50:00.950767506,4415.232508976171,Wakanda
2020-09-02 22:55:00.145484112,3701.5923412726725,Wakanda
2020-09-02 22:55:01.035319382,3879.6456886774395,Buranda
2020-09-02 23:00:00.033853488,3426.7670850655736,Buranda
2020-09-02 23:00:01.468440502,3400.2416754842952,Wakanda
2020-09-02 23:05:00.645953940,4149.717986416124,Buranda
2020-09-02 23:05:01.454562949,3951.9421861342657,Wakanda
2020-09-02 23:10:00.206941428,4978.756346960071,Wakanda
2020-09-02 23:10:01.307541756,2928.509261785104,Buranda
2020-09-02 23:15:00.947513407,5143.043666786583,Wakanda
2020-09-02 23:15:00.980242183,4895.8545444440615,Buranda
2020-09-02 23:20:00.318330957,3372.558419199553,Buranda
2020-09-02 23:20:01.766549908,4141.651301720494,Wakanda
2020-09-02 23:25:00.612786992,4129.840392569323,Wakanda
2020-09-02 23:25:01.934294726,4146.696783263322,Buranda
2020-09-02 23:30:00.150231140,3884.0204709049194,Wakanda
2020-09-02 23:30:01.649754294,3287.9158599371476,Buranda
2020-09-02 23:35:00.544146416,4031.9661033098955,Wakanda
2020-09-02 23:35:01.491357864,,Buranda
2020-09-02 23:40:00.840927633,4704.446343563111,Wakanda
2020-09-02 23:40:01.615761139,3274.2027374649942,Buranda
2020-09-02 23:45:00.178054335,4120.569761219505,Buranda
2020-09-02 23:45:01.929673563,6055.014794654409,Wakanda
2020-09-02 23:50:00.925660856,6350.720024146249,Wakanda
2020-09-02 23:50:01.205106624,2818.907830594774,Buranda
2020-09-02 23:55:00.920110097,5339.289463437991,Wakanda
2020-09-02 23:55:01.638743965,3842.2341609441332,Buranda
2020-09-03 00:00:00.968312562,4601.608249581186,Wakanda
2020-09-03 00:00:01.691392207,3356.8726608040643,Buranda
2020-09-03 00:05:00.621745329,3752.2562557723186,Buranda
2020-09-03 00:05:01.449240751,4057.7676202973817,Wakanda
2020-09-03 00:10:00.851959231,3693.445955349136,Buranda
2020-09-03 00:10:01.741624136,3603.1751238566903,Wakanda
2020-09-03 00:15:00.443552078,3769.6351273484397,Buranda
2020-09-03 00:15:00.614747464,3635.5868961502483,Wakanda
2020-09-03 00:20:00.524295054,4411.044704952559,Wakanda
2020-09-03 00:20:00.534835179,3750.8371819856416,Buranda
2020-09-03 00:25:00.719400856,3407.382266797624,Buranda
2020-09-03 00:25:01.751082211,5336.780413097235,Wakanda
2020-09-03 00:30:00.892904113,,Wakanda
2020-09-03 00:30:01.962855146,3923.9460378216163,Buranda
2020-09-03 00:35:01.266624959,6396.95797390533,Wakanda
2020-09-03 00:35:01.700923912,3672.6234374632095,Buranda
2020-09-03 00:40:01.754499488,4003.500654952205,Buranda
2020-09-03 00:40:01.840450770,6092.812473512643,Wakanda
2020-09-03 00:45:00.219660859,3667.149585595448,Buranda
2020-09-03 00:45:00.683180006,5617.640326906501,Wakanda
2020-09-03 00:50:01.715535271,3471.654497729273,Buranda
2020-09-03 00:50:01.722104896,5043.526553789525,Wakanda
2020-09-03 00:55:00.710101842,4853.435901433203,Wakanda
2020-09-03 00:55:01.813689886,2559.1098540796465,Buranda
2020-09-03 01:00:01.266793643,4501.327492158096,Wakanda
2020-09-03 01:00:01.629067705,,Buranda
2020-09-03 01:05:01.791201939,4357.43245349281,Wakanda
2020-09-03 01:05:01.924336160,2760.0694599419353,Buranda
2020-09-03 01:10:00.040705786,5486.250052449317,Wakanda
2020-09-03 01:10:01.629110709,4550.088630624075,Buranda
2020-09-03 01:15:00.493493648,6295.24330477805,Wakanda
2020-09-03 01:15:00.523519199,3288.976994927936,Buranda
2020-09-03 01:20:00.219580646,6176.369190325518,Wakanda
2020-09-03 01:20:01.303297101,3193.89165841081,Buranda
2020-09-03 01:25:00.672871630,4994.978474363967,Wakanda
2020-09-03 01:25:01.122684677,3446.1287931001716,Buranda
2020-09-03 01:30:00.074092914,3950.0103005577294,Buranda
2020-09-03 01:30:00.837521594,4586.685651751777,Wakanda
2020-09-03 01:35:00.078057698,4229.192629513681,Wakanda
2020-09-03 01:35:00.293117566,4050.7597689931877,Buranda
2020-09-03 01:40:00.336211653,3856.2951414099116,Wakanda
2020-09-03 01:40:01.413860850,3173.5998396807954,Buranda
2020-09-03 01:45:00.906034158,3614.824931261195,Buranda
2020-09-03 01:45:01.385785950,3561.0007862401444,Wakanda
2020-09-03 01:50:00.649613056,4112.695589646959,Buranda
2020-09-03 01:50:01.270484750,4009.176660342011,Wakanda
2020-09-03 01:55:00.511851478,4992.910629629018,Wakanda
2020-09-03 01:55:01.068779937,3495.6232049783202,Buranda
2020-09-03 02:00:01.529163771,4432.29255325234,Buranda
2020-09-03 02:00:01.773528417,5160.051747144644,Wakanda
2020-09-03 02:05:01.070292885,4391.2017248165475,Buranda
2020-09-03 02:05:01.110230284,5509.48017718622,Wakanda
2020-09-03 02:10:00.431626789,3590.765846552049,Buranda
2020-09-03 02:10:01.313098442,6418.885907021331,Wakanda
2020-09-03 02:15:00.539430436,3863.6342730024353,Buranda
2020-09-03 02:15:01.365825628,6564.282622712124,Wakanda
2020-09-03 02:20:00.490526767,3741.9812542350974,Buranda
2020-09-03 02:20:01.169323292,6491.782046643219,Wakanda
2020-09-03 02:25:01.070828642,5008.0805086125365,Wakanda
2020-09-03 02:25:01.223047819,3882.6386802251645,Buranda
2020-09-03 02:30:01.734440709,3405.3979774479412,Wakanda
2020-09-03 02:30:01.842206434,3043.223893856033,Buranda
2020-09-03 02:35:01.219777253,2419.188126453171,Wakanda
2020-09-03 02:35:01.571806654,4117.080709268872,Buranda
2020-09-03 02:40:00.020450104,3099.3657198450464,Wakanda
2020-09-03 02:40:00.332845415,3647.1207706246005,Buranda
2020-09-03 02:45:01.077099086,4444.439121029489,Buranda
2020-09-03 02:45:01.167912097,4907.066231507899,Wakanda
2020-09-03 02:50:00.041538544,6087.22891860243,Wakanda
2020-09-03 02:50:00.399619709,3322.2502586401465,Buranda
2020-09-03 02:55:00.150578666,3932.1152505527157,Buranda
2020-09-03 02:55:01.289062525,6178.1057918351435,Wakanda
2020-09-03 03:00:00.245420354,3856.402926383786,Buranda
2020-09-03 03:00:00.448078782,5719.247262938589,Wakanda
2020-09-03 03:05:00.394078305,5242.177823929149,Wakanda
2020-09-03 03:05:01.092904115,2909.301021459041,Buranda
2020-09-03 03:10:00.712098026,5348.243445120294,Wakanda
2020-09-03 03:10:01.400125021,4721.682120220346,Buranda
2020-09-03 03:15:00.011915556,,Buranda
2020-09-03 03:15:00.597198284,4684.84878510242,Wakanda
2020-09-03 03:20:00.403755327,3663.0317110163696,Buranda
2020-09-03 03:20:01.745887914,4116.620054473913,Wakanda
2020-09-03 03:25:00.000669744,3303.454523297961,Wakanda
2020-09-03 03:25:01.438871179,3351.7392703179758,Buranda
2020-09-03 03:30:00.354330847,4233.0855744432765,Buranda
2020-09-03 03:30:00.731259050,3969.24711784144,Wakanda
2020-09-03 03:35:00.081567372,4090.8758796733905,Buranda
2020-09-03 03:35:00.805807284,4670.37866333668,Wakanda
2020-09-03 03:40:00.887174391,5310.385397890791,Wakanda
2020-09-03 03:40:01.860048245,3298.246984525054,Buranda
2020-09-03 03:45:00.016743853,3794.128550627081,Buranda
2020-09-03 03:45:00.687166934,5002.542074978734,Wakanda
2020-09-03 03:50:01.321523014,3848.9646673627735,Buranda
2020-09-03 03:50:01.696667098,4561.061532137712,Wakanda
2020-09-03 03:55:01.553735838,4021.6252086811273,Wakanda
2020-09-03 03:55:01.895433509,4463.119800718151,Buranda
2020-09-03 04:00:00.796384717,2982.4043272462695,Buranda
2020-09-03 04:00:01.515050911,4093.842473579852,Wakanda
2020-09-03 04:05:01.093421479,4161.496327165028,Buranda
2020-09-03 04:05:01.990215634,4826.437844358226,Wakanda
2020-09-03 04:10:01.009933882,2943.0170651897974,Buranda
2020-09-03 04:10:01.752020093,5850.986466202682,Wakanda
2020-09-03 04:15:01.121034368,6105.09168012047,Wakanda
2020-09-03 04:15:01.282346909,3918.5730420515033,Buranda
2020-09-03 04:20:01.061806949,3019.2095762050794,Buranda
2020-09-03 04:20:01.560791029,5907.829779563862,Wakanda
2020-09-03 04:25:00.107329527,4034.425181183691,Buranda
2020-09-03 04:25:00.564868204,4927.758840066845,Wakanda
2020-09-03 04:30:00.637535958,3745.726520226983,Buranda
2020-09-03 04:30:01.598663546,3820.7450331593227,Wakanda
2020-09-03 04:35:00.665351526,3632.1035663163484,Buranda
2020-09-03 04:35:01.268726732,3113.37071764568,Wakanda
2020-09-03 04:40:00.722357630,4572.048162236652,Buranda
2020-09-03 04:40:01.295847495,2821.4561190363784,Wakanda
2020-09-03 04:45:00.380053358,3289.2333928299695,Buranda
2020-09-03 04:45:00.979177685,3103.715010879631,Wakanda
2020-09-03 04:50:00.763348873,4183.171335630091,Wakanda
2020-09-03 04:50:01.155274617,4921.765230603201,Buranda
2020-09-03 04:55:01.435264674,5502.360382677963,Wakanda
2020-09-03 04:55:01.695333669,3617.137266052671,Buranda
2020-09-03 05:00:00.788355497,5657.008284254629,Wakanda
2020-09-03 05:00:01.386215382,,Buranda
2020-09-03 05:05:00.429700937,5496.908460449202,Wakanda
2020-09-03 05:05:01.644903066,3169.302007232926,Buranda
2020-09-03 05:10:00.005098646,5642.300274406251,Wakanda
2020-09-03 05:10:01.422378580,4599.293307063432,Buranda
2020-09-03 05:15:01.170426273,,Buranda
2020-09-03 05:15:01.248209705,5290.86787010789,Wakanda
2020-09-03 05:20:00.166513048,4880.938694393071,Buranda
2020-09-03 05:20:00.169852694,4877.399342728633,Wakanda
2020-09-03 05:25:01.143658975,4649.946275891885,Wakanda
2020-09-03 05:25:01.928722236,3830.902012831743,Buranda
2020-09-03 05:30:00.931571409,4201.243447495931,Buranda
2020-09-03 05:30:01.282963581,,Wakanda
2020-09-03 05:35:00.384036631,5509.687457922987,Wakanda
2020-09-03 05:35:00.909723427,3528.150216401187,Buranda
2020-09-03 05:40:00.242076363,5156.267337345276,Wakanda
2020-09-03 05:40:00.847976720,4090.177991982754,Buranda
2020-09-03 05:45:01.528448055,4538.353767883741,Wakanda
2020-09-03 05:45:01.906300100,3418.125657472102,Buranda
2020-09-03 05:50:01.513739741,3222.382318298778,Buranda
2020-09-03 05:50:01.983474459,4674.873441329159,Wakanda
2020-09-03 05:55:00.739755176,3080.834480409561,Buranda
2020-09-03 05:55:01.943465389,4636.365631935632,Wakanda
2020-09-03 06:00:01.491131016,3148.7746169705956,Buranda
2020-09-03 06:00:01.562949140,4708.537690251174,Wakanda
2020-09-03 06:05:00.858065844,5283.865736420492,Wakanda
2020-09-03 06:05:01.348249480,2710.6082393491633,Buranda
2020-09-03 06:10:00.874892476,5495.1123252921425,Wakanda
2020-09-03 06:10:01.098567147,3793.1681142904326,Buranda
2020-09-03 06:15:01.470952962,2044.842182867596,Buranda
2020-09-03 06:15:01.528594902,5520.7615013555505,Wakanda
2020-09-03 06:20:00.888349058,5217.599312469635,Wakanda
2020-09-03 06:20:01.839008110,4157.074861434529,Buranda
2020-09-03 06:25:01.062801101,,Buranda
2020-09-03 06:25:01.589190743,,Wakanda
2020-09-03 06:30:00.844161278,4842.407044432195,Wakanda
2020-09-03 06:30:01.149291597,3912.080852120078,Buranda
2020-09-03 06:35:00.007558427,4606.169290750028,Wakanda
2020-09-03 06:35:01.171254888,3218.5305552820037,Buranda
2020-09-03 06:40:00.490415990,4510.387371428727,Wakanda
2020-09-03 06:40:01.851345935,,Buranda
2020-09-03 06:45:00.316866574,4029.010903523091,Buranda
2020-09-03 06:45:01.404153554,4108.920085749659,Wakanda
2020-09-03 06:50:00.704311818,,Wakanda
2020-09-03 06:50:00.721588951,3765.8623529069782,Buranda
2020-09-03 06:55:00.413717224,4940.7717294504955,Wakanda
2020-09-03 06:55:01.078547831,3290.189979791954,Buranda
2020-09-03 07:00:00.092378699,4888.434470883203,Wakanda
2020-09-03 07:00:00.751283462,4552.502689623876,Buranda
2020-09-03 07:05:01.224496985,5296.366232704637,Wakanda
2020-09-03 07:05:01.699001641,3049.5650250535155,Buranda
2020-09-03 07:10:00.098992499,4927.172180159033,Buranda
2020-09-03 07:10:01.398813333,6034.1859741454955,Wakanda
2020-09-03 07:15:00.190681800,2825.540382563815,Buranda
2020-09-03 07:15:01.596330129,6461.443597487632,Wakanda
2020-09-03 07:20:01.103694705,5872.008615968493,Wakanda
2020-09-03 07:20:01.516561253,4551.87626412108,Buranda
2020-09-03 07:25:00.549911155,4881.927804878115,Wakanda
2020-09-03 07:25:01.953496739,2989.3734065475483,Buranda
2020-09-03 07:30:00.934497487,4818.098489278576,Wakanda
2020-09-03 07:30:01.336862478,4471.495636592841,Buranda
2020-09-03 07:35:00.196856333,4386.261408995416,Wakanda
2020-09-03 07:35:00.699688722,,Buranda
2020-09-03 07:40:00.144864218,4055.3969317336523,Buranda
2020-09-03 07:40:01.778936632,4472.817627977149,Wakanda
2020-09-03 07:45:00.019474704,3425.2946534433277,Buranda
2020-09-03 07:45:01.115759891,5276.775994650857,Wakanda
2020-09-03 07:50:00.163480454,3541.015041652776,Buranda
2020-09-03 07:50:00.890983840,6025.108616498115,Wakanda
2020-09-03 07:55:00.678409337,,Buranda
2020-09-03 07:55:01.781805624,6125.146304345475,Wakanda
2020-09-03 08:00:00.382741236,3870.5760896337933,Buranda
2020-09-03 08:00:00.997307605,6133.976304014336,Wakanda
2020-09-03 08:05:01.550472858,2977.1179678509566,Buranda
2020-09-03 08:05:01.742067054,5313.735567100533,Wakanda
2020-09-03 08:10:01.282260165,4490.660085950387,Wakanda
2020-09-03 08:10:01.752223097,,Buranda
2020-09-03 08:15:00.295407417,3630.0000940302825,Wakanda
2020-09-03 08:15:01.501397924,3825.175038983834,Buranda
2020-09-03 08:20:00.790513687,3844.4239455718534,Buranda
2020-09-03 08:20:01.304194225,3825.500264912823,Wakanda
2020-09-03 08:25:00.603608044,31495.555724089554,Buranda
2020-09-03 08:25:01.558889858,3773.242650338738,Wakanda
2020-09-03 08:30:00.229704926,4057.5428198779096,Wakanda
2020-09-03 08:30:01.499975587,2877.110634699441,Buranda
2020-09-03 08:35:00.589317821,4756.576222904832,Wakanda
2020-09-03 08:35:01.271807353,4282.071568308869,Buranda
2020-09-03 08:40:01.184775648,3323.3199588193693,Buranda
2020-09-03 08:40:01.793766754,,Wakanda
2020-09-03 08:45:00.161552825,4132.5390285256635,Buranda
2020-09-03 08:45:01.006890566,5397.669289212121,Wakanda
2020-09-03 08:50:00.165131770,4982.421380071997,Wakanda
2020-09-03 08:50:00.603251767,2794.2689376585367,Buranda
2020-09-03 08:55:00.341157769,,Wakanda
2020-09-03 08:55:00.675865579,4348.531420118436,Buranda
2020-09-03 09:00:00.329983463,4356.241895913233,Wakanda
2020-09-03 09:00:01.344061795,,Buranda
2020-09-03 09:05:00.530098631,45305.4930431555,Wakanda
2020-09-03 09:05:01.570421364,3857.4132812519592,Buranda
2020-09-03 09:10:00.017402191,4452.292410291388,Buranda
2020-09-03 09:10:00.902270661,5357.646654603729,Wakanda
2020-09-03 09:15:00.831875771,4182.818359945613,Buranda
2020-09-03 09:15:01.786482191,,Wakanda
2020-09-03 09:20:00.259108397,3539.488215044177,Buranda
2020-09-03 09:20:00.439055952,5911.014827444876,Wakanda
2020-09-03 09:25:00.395447500,4159.366835649285,Buranda
2020-09-03 09:25:00.730721371,5744.679218917145,Wakanda
2020-09-03 09:30:01.553848085,5315.650112686819,Wakanda
2020-09-03 09:30:01.878517505,2824.8246255337253,Buranda
2020-09-03 09:35:01.060930235,5132.666874962583,Wakanda
2020-09-03 09:35:01.727973163,4385.290593701662,Buranda
2020-09-03 09:40:00.930823952,2426.6916863696274,Buranda
2020-09-03 09:40:01.316455754,4860.130532841773,Wakanda
2020-09-03 09:45:00.399780639,4547.610031003988,Wakanda
2020-09-03 09:45:00.653874822,4451.810827070454,Buranda
2020-09-03 09:50:01.244700020,2092.117643414921,Buranda
2020-09-03 09:50:01.258629330,5196.825840911875,Wakanda
2020-09-03 09:55:00.716095716,6202.515196437398,Wakanda
2020-09-03 09:55:01.779123642,,Buranda
2020-09-03 10:00:00.152758504,2149.0727784893047,Buranda
2020-09-03 10:00:00.560561720,7093.296352779389,Wakanda
2020-09-03 10:05:00.083807769,7735.570799279889,Wakanda
2020-09-03 10:05:00.236856562,3240.6292655451048,Buranda
2020-09-03 10:10:01.438573625,7539.30873031961,Wakanda
2020-09-03 10:10:01.439184086,3128.945518114697,Buranda
2020-09-03 10:15:00.248151433,3224.800614077852,Buranda
2020-09-03 10:15:00.390376572,6480.047436532463,Wakanda
2020-09-03 10:20:00.735146147,3304.0526702125194,Buranda
2020-09-03 10:20:00.903050370,4901.514381446856,Wakanda
2020-09-03 10:25:00.615301017,4379.296355639909,Wakanda
2020-09-03 10:25:01.102105607,3397.856166144935,Buranda
2020-09-03 10:30:00.500889687,4088.6710687269315,Wakanda
2020-09-03 10:30:01.234982884,3578.675610736379,Buranda
2020-09-03 10:35:00.167437121,3381.6990871648045,Buranda
2020-09-03 10:35:01.050348445,4214.937823599006,Wakanda
2020-09-03 10:40:00.045040780,3923.6238350917406,Buranda
2020-09-03 10:40:01.040420684,,Wakanda
2020-09-03 10:45:00.976601634,,Wakanda
2020-09-03 10:45:01.275343800,2604.493161529608,Buranda
2020-09-03 10:50:00.449534037,,Buranda
2020-09-03 10:50:00.828272072,4908.241608093288,Wakanda
2020-09-03 10:55:00.926823115,6170.785717541847,Wakanda
2020-09-03 10:55:01.627377654,3681.4298453454976,Buranda
2020-09-03 11:00:00.944666683,3904.9702206997395,Buranda
2020-09-03 11:00:01.678509437,6253.551228012447,Wakanda
2020-09-03 11:05:01.865148578,3353.340615991346,Buranda
2020-09-03 11:05:01.956507716,,Wakanda
2020-09-03 11:10:00.418814697,4309.5568243581265,Buranda
2020-09-03 11:10:01.388860534,4556.56967639614,Wakanda
2020-09-03 11:15:00.476671118,3430.128026092796,Wakanda
2020-09-03 11:15:00.646895818,3418.0541556000935,Buranda
2020-09-03 11:20:00.389331765,3579.9986998505237,Wakanda
2020-09-03 11:20:01.977577246,3104.9952406428406,Buranda
2020-09-03 11:25:00.743215652,3713.5331772031177,Wakanda
2020-09-03 11:25:01.727396614,,Buranda
2020-09-03 11:30:00.388058103,4047.5754984020987,Wakanda
2020-09-03 11:30:01.454068965,3310.5891486307546,Buranda
2020-09-03 11:35:00.029133586,4131.6030963814355,Buranda
2020-09-03 11:35:00.689535552,4813.473368382425,Wakanda
2020-09-03 11:40:00.568187017,3300.024889099772,Buranda
2020-09-03 11:40:01.189626567,5356.714789591444,Wakanda
2020-09-03 11:45:00.777780744,3953.594771041491,Buranda
2020-09-03 11:45:01.470518399,5570.154623807281,Wakanda
2020-09-03 11:50:00.239897178,3624.8242725759887,Buranda
2020-09-03 11:50:01.857770278,4798.545812341243,Wakanda
2020-09-03 11:55:00.148117016,3860.502093558462,Buranda
2020-09-03 11:55:01.441713362,3965.648661899862,Wakanda
2020-09-03 12:00:00.351235631,3073.4336366834295,Buranda
2020-09-03 12:00:01.876234426,3698.165033620321,Wakanda
2020-09-03 12:05:01.113546020,4150.975398705648,Wakanda
2020-09-03 12:05:01.156864084,4035.7619964362993,Buranda
2020-09-03 12:10:00.068714882,4511.859207541664,Wakanda
2020-09-03 12:10:00.524366632,2396.3924890941535,Buranda
2020-09-03 12:15:01.438298572,4649.344225263238,Wakanda
2020-09-03 12:15:01.551196057,3275.2233770054027,Buranda
2020-09-03 12:20:01.148823675,4888.727294902103,Wakanda
2020-09-03 12:20:01.489951927,3037.396896719977,Buranda
2020-09-03 12:25:00.702995512,3699.6385687316583,Buranda
2020-09-03 12:25:01.595366744,5586.816933909027,Wakanda
2020-09-03 12:30:01.150254178,6417.8241492313755,Wakanda
2020-09-03 12:30:01.709499667,4298.087450492107,Buranda
2020-09-03 12:35:01.399980999,3227.598030023117,Buranda
2020-09-03 12:35:01.828176810,6912.932688797746,Wakanda
2020-09-03 12:40:00.567020206,6399.439529311436,Wakanda
2020-09-03 12:40:00.608097037,3603.4194023139544,Buranda
2020-09-03 12:45:00.246639751,3039.7159934638335,Buranda
2020-09-03 12:45:01.658787227,6038.952622415871,Wakanda
2020-09-03 12:50:00.778512960,5860.299112123993,Wakanda
2020-09-03 12:50:01.467164445,3897.3306938124615,Buranda
2020-09-03 12:55:00.747284476,5523.507667658016,Wakanda
2020-09-03 12:55:01.433102301,30501.05811333339,Buranda
2020-09-03 13:00:00.327391725,4933.342755386449,Wakanda
2020-09-03 13:00:01.550087249,3925.7657493020233,Buranda
2020-09-03 13:05:00.249858711,,Wakanda
2020-09-03 13:05:01.396731927,3119.2593061551015,Buranda
2020-09-03 13:10:00.773355568,3064.3107334811084,Buranda
2020-09-03 13:10:01.942992464,4369.238806611535,Wakanda
2020-09-03 13:15:00.186216550,4269.490041836448,Wakanda
2020-09-03 13:15:00.196464856,2772.588085624614,Buranda
2020-09-03 13:20:00.448368381,2738.907135281909,Buranda
2020-09-03 13:20:01.937463323,4723.312296882319,Wakanda
2020-09-03 13:25:00.892862687,,Wakanda
2020-09-03 13:25:00.936064426,3156.196295251757,Buranda
2020-09-03 13:30:00.322743448,3786.20029796053,Buranda
2020-09-03 13:30:00.407996220,,Wakanda
2020-09-03 13:35:00.810489251,4863.467175239846,Wakanda
2020-09-03 13:35:01.846626719,3093.939986708181,Buranda
2020-09-03 13:40:00.139755465,3773.562259623245,Buranda
2020-09-03 13:40:01.467780298,4809.825867599836,Wakanda
2020-09-03 13:45:01.923913241,3296.214401825097,Buranda
2020-09-03 13:45:01.999119699,4827.9137802387195,Wakanda
2020-09-03 13:50:01.216867178,,Buranda
2020-09-03 13:50:01.813347191,4081.0233100056494,Wakanda
2020-09-03 13:55:00.700388847,2985.0668513171995,Buranda
2020-09-03 13:55:00.993132927,4480.008635410724,Wakanda
2020-09-03 14:00:00.387827519,3840.3719252084893,Buranda
2020-09-03 14:00:01.710972036,4951.79044978059,Wakanda
2020-09-03 14:05:00.072915514,5856.957144149254,Wakanda
2020-09-03 14:05:00.106913388,,Buranda
2020-09-03 14:10:00.272599030,3548.0923889484375,Buranda
2020-09-03 14:10:01.078222438,6752.442528350329,Wakanda
2020-09-03 14:15:00.022258484,4108.618731619137,Buranda
2020-09-03 14:15:01.005437235,6074.676643894612,Wakanda
2020-09-03 14:20:01.199656060,2394.7745797972625,Buranda
2020-09-03 14:20:01.888795678,4601.860012562976,Wakanda
2020-09-03 14:25:00.251182722,3076.203883410095,Wakanda
2020-09-03 14:25:01.617067691,3408.4496261871636,Buranda
2020-09-03 14:30:01.006107047,3754.6500101600823,Buranda
2020-09-03 14:30:01.700534972,2387.7212896689834,Wakanda
2020-09-03 14:35:01.266825213,,Wakanda
2020-09-03 14:35:01.873670678,3807.273861745884,Buranda
2020-09-03 14:40:00.552473707,3667.1229794739716,Buranda
2020-09-03 14:40:01.409238755,4227.211004026382,Wakanda
2020-09-03 14:45:00.682407986,4012.878786378936,Buranda
2020-09-03 14:45:00.704865648,5701.707803363332,Wakanda
2020-09-03 14:50:01.539783249,3335.630605897477,Buranda
2020-09-03 14:50:01.940377332,6503.841811965188,Wakanda
2020-09-03 14:55:01.183848922,3590.6939482953258,Buranda
2020-09-03 14:55:01.897424234,6771.24142316187,Wakanda
2020-09-03 15:00:00.449982437,7036.222718482779,Wakanda
2020-09-03 15:00:00.578535493,3826.83188700443,Buranda
2020-09-03 15:05:00.301687610,3299.8445177311405,Buranda
2020-09-03 15:05:00.807184758,56922.29151552713,Wakanda
2020-09-03 15:10:00.590586112,4095.499619535834,Wakanda
2020-09-03 15:10:01.887209476,3916.7696049104093,Buranda
2020-09-03 15:15:00.229123995,3022.328812953371,Buranda
2020-09-03 15:15:01.187967064,,Wakanda
2020-09-03 15:20:01.566617985,4262.246700961471,Buranda
2020-09-03 15:20:01.727452505,2403.8493085239556,Wakanda
2020-09-03 15:25:01.084768996,3482.8237402304876,Wakanda
2020-09-03 15:25:01.267229681,3709.404397677749,Buranda
2020-09-03 15:30:00.652805498,5891.229044300447,Wakanda
2020-09-03 15:30:00.767229098,4315.263850673439,Buranda
2020-09-03 15:35:00.951310223,7572.894992033745,Wakanda
2020-09-03 15:35:01.605388265,3798.6204369834018,Buranda
2020-09-03 15:40:00.303896346,7921.791409870265,Wakanda
2020-09-03 15:40:00.921161699,3572.622341056318,Buranda
2020-09-03 15:45:01.519955772,3725.3692972585877,Buranda
2020-09-03 15:45:01.750333550,,Wakanda
2020-09-03 15:50:01.399556168,6530.975228231233,Wakanda
2020-09-03 15:50:01.875077979,4084.2367641987194,Buranda
2020-09-03 15:55:00.036917334,2862.7111912028186,Buranda
2020-09-03 15:55:01.464397083,5347.9058483892495,Wakanda
2020-09-03 16:00:00.320502408,4475.822127220664,Buranda
2020-09-03 16:00:00.503632167,3780.263905805901,Wakanda
2020-09-03 16:05:00.256994983,3217.9012719656093,Wakanda
2020-09-03 16:05:00.683270692,3233.669167170498,Buranda
2020-09-03 16:10:01.171923310,3394.8043501881175,Wakanda
2020-09-03 16:10:01.378352693,4168.228858806426,Buranda
2020-09-03 16:15:00.528994100,4057.1219153029406,Buranda
2020-09-03 16:15:01.639591946,3369.9634383372586,Wakanda
2020-09-03 16:20:00.227535395,2997.3082747276944,Buranda
2020-09-03 16:20:00.352115096,3534.3163533734405,Wakanda
2020-09-03 16:25:01.201005272,3796.2685450582794,Buranda
2020-09-03 16:25:01.541430343,4192.226939008651,Wakanda
2020-09-03 16:30:01.144685413,2220.4339411528845,Buranda
2020-09-03 16:30:01.416719399,4613.787701684513,Wakanda
2020-09-03 16:35:00.670690370,4748.2146759103,Wakanda
2020-09-03 16:35:00.821752052,4011.836520545313,Buranda
2020-09-03 16:40:00.756116758,2338.879450676955,Buranda
2020-09-03 16:40:01.432946576,5204.354388420139,Wakanda
2020-09-03 16:45:00.637913454,4022.1550726097407,Buranda
2020-09-03 16:45:00.850307687,6258.493358587911,Wakanda
2020-09-03 16:50:00.372671964,7707.105446382497,Wakanda
2020-09-03 16:50:01.209248299,,Buranda
2020-09-03 16:55:00.700878026,8009.174069511922,Wakanda
2020-09-03 16:55:01.771677805,3654.384355113589,Buranda
2020-09-03 17:00:00.021546300,6986.9032080755205,Wakanda
2020-09-03 17:00:00.267716293,,Buranda
2020-09-03 17:05:01.042162725,,Buranda
2020-09-03 17:05:01.655873907,6315.421434529315,Wakanda
2020-09-03 17:10:00.104695142,2787.250494810664,Buranda
2020-09-03 17:10:01.375786822,4723.3197210211165,Wakanda
2020-09-03 17:15:00.438424441,3839.640267707023,Wakanda
2020-09-03 17:15:01.936139353,2977.9756073147364,Buranda
2020-09-03 17:20:00.692405627,3174.682918336283,Wakanda
2020-09-03 17:20:00.693840352,3150.30899253389,Buranda
2020-09-03 17:25:01.237302734,3310.422100139467,Wakanda
2020-09-03 17:25:01.340274092,3578.218427742737,Buranda
2020-09-03 17:30:01.238089076,43237.872969039076,Wakanda
2020-09-03 17:30:01.297690296,,Buranda
2020-09-03 17:35:00.641032382,5367.642063838766,Wakanda
2020-09-03 17:35:00.756803101,3894.8811733387474,Buranda
2020-09-03 17:40:00.972170964,,Buranda
2020-09-03 17:40:01.177821300,52407.0538279265,Wakanda
2020-09-03 17:45:00.624428536,3890.124351687974,Buranda
2020-09-03 17:45:01.894938376,4975.638700163465,Wakanda
2020-09-03 17:50:01.070742516,5760.762643030916,Wakanda
2020-09-03 17:50:01.851951180,3799.152754528482,Buranda
2020-09-03 17:55:00.570219936,3753.047257879504,Buranda
2020-09-03 17:55:01.051673761,5636.353813371337,Wakanda
2020-09-03 18:00:00.233096708,5498.038427020618,Wakanda
2020-09-03 18:00:01.838778251,3801.821993731447,Buranda
2020-09-03 18:05:00.192785247,3381.876117660322,Buranda
2020-09-03 18:05:01.151666007,48965.16497607865,Wakanda
2020-09-03 18:10:00.461432715,4349.256020752945,Buranda
2020-09-03 18:10:00.870676465,4485.56126860465,Wakanda
2020-09-03 18:15:00.015797273,3622.6800875940335,Buranda
2020-09-03 18:15:01.119249501,42089.29676764659,Wakanda
2020-09-03 18:20:01.460837891,5078.5586399768235,Wakanda
2020-09-03 18:20:01.999279624,4174.853756379307,Buranda
2020-09-03 18:25:00.021750001,6029.458742610812,Wakanda
2020-09-03 18:25:01.222453174,3348.2101380549384,Buranda
2020-09-03 18:30:01.431589368,4532.095053728839,Buranda
2020-09-03 18:30:01.870715197,5939.574961803275,Wakanda
2020-09-03 18:35:00.852167341,2660.0584739188503,Buranda
2020-09-03 18:35:01.710539300,5726.608868344316,Wakanda
2020-09-03 18:40:00.132983476,55983.601796459334,Wakanda
2020-09-03 18:40:00.815334400,4873.744514487184,Buranda
2020-09-03 18:45:00.316804115,5361.241675894703,Wakanda
2020-09-03 18:45:01.786705700,2738.9730649699477,Buranda
2020-09-03 18:50:00.346303592,4377.173011636989,Wakanda
2020-09-03 18:50:01.014876863,3786.3705721141596,Buranda
2020-09-03 18:55:00.942781642,3638.5422482048752,Buranda
2020-09-03 18:55:01.352446128,4098.31263468937,Wakanda
2020-09-03 19:00:00.061599562,3924.7790539345315,Buranda
2020-09-03 19:00:01.005974468,4283.907396215193,Wakanda
2020-09-03 19:05:00.582860283,4792.154527790099,Wakanda
2020-09-03 19:05:00.999715943,3271.446726273151,Buranda
2020-09-03 19:10:00.148104000,3456.0653145401375,Buranda
2020-09-03 19:10:00.494809172,5338.536512130253,Wakanda
2020-09-03 19:15:00.124949578,5728.344085484006,Wakanda
2020-09-03 19:15:00.972157211,4000.8882314208154,Buranda
2020-09-03 19:20:00.081313396,3205.634293525073,Buranda
2020-09-03 19:20:00.816778977,5562.282579303002,Wakanda
2020-09-03 19:25:00.796770063,,Buranda
2020-09-03 19:25:01.306347229,5020.956524790438,Wakanda
2020-09-03 19:30:00.211561030,,Buranda
2020-09-03 19:30:01.860789284,4678.982198227761,Wakanda
2020-09-03 19:35:00.227776621,4769.468618428989,Wakanda
2020-09-03 19:35:01.195429533,3803.528018282267,Buranda
2020-09-03 19:40:01.160142599,5196.06136515638,Wakanda
2020-09-03 19:40:01.982143562,,Buranda
2020-09-03 19:45:00.797659877,,Buranda
2020-09-03 19:45:01.148579721,5165.067246083266,Wakanda
2020-09-03 19:50:00.582266030,5218.5570788565865,Wakanda
2020-09-03 19:50:01.948464118,3798.714044508569,Buranda
2020-09-03 19:55:00.145179884,4860.339310966738,Wakanda
2020-09-03 19:55:01.374290927,3433.169547667965,Buranda
2020-09-03 20:00:00.995216069,4034.4949943462175,Buranda
2020-09-03 20:00:01.142991946,5223.325375547015,Wakanda
2020-09-03 20:05:00.130325401,3811.707031022821,Buranda
2020-09-03 20:05:00.991906331,5181.203496120028,Wakanda
2020-09-03 20:10:00.127550639,3722.0986958441085,Buranda
2020-09-03 20:10:01.290759789,5569.6493677844865,Wakanda
2020-09-03 20:15:00.367196246,5884.449524428306,Wakanda
2020-09-03 20:15:01.191768041,4134.910256726119,Buranda
2020-09-03 20:20:00.501988389,3191.391902008959,Buranda
2020-09-03 20:20:00.714689545,6465.000875851761,Wakanda
2020-09-03 20:25:00.388347209,4923.117438050898,Buranda
2020-09-03 20:25:01.262172147,6511.950652053937,Wakanda
2020-09-03 20:30:00.700300443,4958.731057379236,Wakanda
2020-09-03 20:30:01.504388665,3304.696225393775,Buranda
2020-09-03 20:35:01.100740264,3515.9216696107396,Wakanda
2020-09-03 20:35:01.236486365,4153.41590790332,Buranda
2020-09-03 20:40:01.637444611,3066.4241041280925,Buranda
2020-09-03 20:40:01.773108408,2881.0728017678307,Wakanda
2020-09-03 20:45:00.871026257,3340.597151651746,Buranda
2020-09-03 20:45:01.872214908,3479.056789847952,Wakanda
2020-09-03 20:50:00.635799505,4723.768750036272,Wakanda
2020-09-03 20:50:01.195188640,3522.197660412266,Buranda
2020-09-03 20:55:00.957019807,3575.1514636516686,Buranda
2020-09-03 20:55:01.622503424,5815.639952578751,Wakanda
2020-09-03 21:00:01.006669010,6576.771873437406,Wakanda
2020-09-03 21:00:01.778294109,4013.793321569693,Buranda
2020-09-03 21:05:00.354566416,3915.020296056143,Buranda
2020-09-03 21:05:00.631739489,6751.12159866967,Wakanda
2020-09-03 21:10:00.136773882,6424.5734905104455,Wakanda
2020-09-03 21:10:01.646594646,,Buranda
2020-09-03 21:15:01.448242695,5546.383235511414,Wakanda
2020-09-03 21:15:01.842793263,3754.5756009508036,Buranda
2020-09-03 21:20:00.963998618,3663.2864089178734,Buranda
2020-09-03 21:20:01.820210120,5223.482124675698,Wakanda
2020-09-03 21:25:00.212500391,2851.941908854471,Buranda
2020-09-03 21:25:01.664198526,4736.834229820016,Wakanda
2020-09-03 21:30:00.229129791,3953.607321470209,Buranda
2020-09-03 21:30:00.572878825,4655.686027353958,Wakanda
2020-09-03 21:35:00.121534732,3627.2467459937266,Buranda
2020-09-03 21:35:01.489077799,4752.4901469191755,Wakanda
2020-09-03 21:40:00.130083510,4813.980785766362,Wakanda
2020-09-03 21:40:00.342292246,3779.4695747810356,Buranda
2020-09-03 21:45:00.634678236,4279.90832434657,Wakanda
2020-09-03 21:45:01.391462288,4002.482530453057,Buranda
2020-09-03 21:50:00.157842820,4497.494056626305,Wakanda
2020-09-03 21:50:01.845643411,3285.2309355113184,Buranda
2020-09-03 21:55:00.876598855,4581.729760780368,Wakanda
2020-09-03 21:55:01.948851698,,Buranda
2020-09-03 22:00:00.587740577,4640.5499859770425,Wakanda
2020-09-03 22:00:01.524584065,4204.737953586887,Buranda
2020-09-03 22:05:00.066133182,,Buranda
2020-09-03 22:05:00.554210466,5870.2166295545885,Wakanda
2020-09-03 22:10:01.092903195,6760.35332257933,Wakanda
2020-09-03 22:10:01.913575736,4697.311735456924,Buranda
2020-09-03 22:15:00.318783193,2955.789149904281,Buranda
2020-09-03 22:15:00.515849333,6956.315859428666,Wakanda
2020-09-03 22:20:00.224134077,4552.960457314055,Buranda
2020-09-03 22:20:01.413563517,6812.8088985155855,Wakanda
2020-09-03 22:25:01.626448033,5840.870958849401,Wakanda
2020-09-03 22:25:01.872088125,2778.2915021183458,Buranda
2020-09-03 22:30:00.886568794,4586.493071890384,Wakanda
2020-09-03 22:30:00.974648379,4464.199553289137,Buranda
2020-09-03 22:35:00.446682122,3608.1129448773095,Wakanda
2020-09-03 22:35:01.217764511,2593.538275962492,Buranda
2020-09-03 22:40:00.413905202,4545.933283803013,Buranda
2020-09-03 22:40:01.442450225,3235.330336458795,Wakanda
2020-09-03 22:45:00.405004490,3119.8668453721134,Buranda
2020-09-03 22:45:01.020664643,3803.7074696269574,Wakanda
2020-09-03 22:50:00.806391508,4116.6524411946775,Buranda
2020-09-03 22:50:01.376540713,4748.006087533067,Wakanda
2020-09-03 22:55:00.563188419,5584.070791004953,Wakanda
2020-09-03 22:55:01.063457525,2867.2602581674237,Buranda
2020-09-03 23:00:00.169753630,5752.202691180679,Wakanda
2020-09-03 23:00:01.735404051,4239.109809079417,Buranda
2020-09-03 23:05:00.839270997,,Buranda
2020-09-03 23:05:01.938129360,6293.681090353829,Wakanda
2020-09-03 23:10:00.633048661,6067.397384713055,Wakanda
2020-09-03 23:10:01.481579451,,Buranda
2020-09-03 23:15:00.407555163,3415.2633700727733,Buranda
2020-09-03 23:15:00.620500942,5224.50918268286,Wakanda
2020-09-03 23:20:01.474027811,4684.1804090442765,Wakanda
2020-09-03 23:20:01.668362859,4861.702674111022,Buranda
2020-09-03 23:25:00.337018874,,Buranda
2020-09-03 23:25:00.592091216,4001.040338121039,Wakanda
2020-09-03 23:30:00.691003297,5142.0897809445405,Buranda
2020-09-03 23:30:01.281806390,4335.533019231718,Wakanda
2020-09-03 23:35:00.083159268,4555.058651297534,Wakanda
2020-09-03 23:35:01.593244803,3366.0889155717728,Buranda
2020-09-03 23:40:00.363895161,4184.092593990425,Buranda
2020-09-03 23:40:01.947020845,4446.414502926819,Wakanda
2020-09-03 23:45:01.202073677,5056.88405064455,Wakanda
2020-09-03 23:45:01.515015231,4666.045627255981,Buranda
2020-09-03 23:50:01.535547130,4259.824311160006,Buranda
2020-09-03 23:50:01.716296485,5276.472635551128,Wakanda
2020-09-03 23:55:00.882998926,5779.123464986895,Wakanda
2020-09-03 23:55:01.490382871,3589.89603607037,Buranda
2020-09-04 00:00:00.466439356,3226.009424560011,Buranda
2020-09-04 00:00:01.989784308,5203.801311655173,Wakanda
2020-09-04 00:05:01.036814743,,Wakanda
2020-09-04 00:05:01.546233300,3452.985200815394,Buranda
2020-09-04 00:10:00.758409748,3264.4857626506237,Wakanda
2020-09-04 00:10:01.338571222,3417.2520257745027,Buranda
2020-09-04 00:15:00.131100401,3147.028633082695,Buranda
2020-09-04 00:15:01.098417709,3390.23784477398,Wakanda
2020-09-04 00:20:00.145667832,3839.1221961941255,Wakanda
2020-09-04 00:20:00.558568312,3971.790670231716,Buranda
2020-09-04 00:25:00.044807783,2590.321129431127,Buranda
2020-09-04 00:25:00.971612478,4696.820728855589,Wakanda
2020-09-04 00:30:00.500295719,4454.325523103263,Buranda
2020-09-04 00:30:01.100559675,5967.564430409251,Wakanda
2020-09-04 00:35:00.128948441,2909.065654123386,Buranda
2020-09-04 00:35:00.478551018,5965.276529751871,Wakanda
2020-09-04 00:40:00.147494757,4222.554746779898,Buranda
2020-09-04 00:40:01.907672617,5865.89241667512,Wakanda
2020-09-04 00:45:01.054265535,2192.3262290813254,Buranda
2020-09-04 00:45:01.144346295,5384.994355189795,Wakanda
2020-09-04 00:50:00.214819308,4536.367151324415,Wakanda
2020-09-04 00:50:01.135317518,3512.4358955883154,Buranda
2020-09-04 00:55:00.100062617,4216.03262410794,Wakanda
2020-09-04 00:55:00.235335770,2583.7121904474434,Buranda
2020-09-04 01:00:00.102880728,3249.206485244138,Buranda
2020-09-04 01:00:01.047865546,3303.881970461504,Wakanda
2020-09-04 01:05:00.381148417,2976.204542572339,Wakanda
2020-09-04 01:05:00.912768440,2951.820037276023,Buranda
2020-09-04 01:10:00.787137757,3615.655765530868,Buranda
2020-09-04 01:10:01.101478235,,Wakanda
2020-09-04 01:15:00.993499367,5192.737095798077,Wakanda
2020-09-04 01:15:01.193187474,3707.498539184846,Buranda
2020-09-04 01:20:01.655199734,3950.5771693761944,Buranda
2020-09-04 01:20:01.696227430,6555.314981673013,Wakanda
2020-09-04 01:25:00.098334750,3990.055278098515,Buranda
2020-09-04 01:25:01.819763444,6999.791640785516,Wakanda
2020-09-04 01:30:00.743651927,6632.84779009709,Wakanda
2020-09-04 01:30:00.890131490,3814.7626750599175,Buranda
2020-09-04 01:35:01.000973639,,Buranda
2020-09-04 01:35:01.847932737,5138.33393148008,Wakanda
2020-09-04 01:40:01.705991374,4225.84881908122,Wakanda
2020-09-04 01:40:01.840505321,4159.140160448498,Buranda
2020-09-04 01:45:01.278339615,4094.162792786911,Buranda
2020-09-04 01:45:01.278381932,3562.4880498018315,Wakanda
2020-09-04 01:50:00.678085653,3680.877943541289,Buranda
2020-09-04 01:50:01.734311351,3956.8539266267708,Wakanda
2020-09-04 01:55:00.125102368,4219.806645092565,Wakanda
2020-09-04 01:55:01.661059400,3648.3624020895754,Buranda
2020-09-04 02:00:00.009781608,5011.202239564157,Wakanda
2020-09-04 02:00:00.528636844,3766.3621626783606,Buranda
2020-09-04 02:05:01.111347488,6102.710690902586,Wakanda
2020-09-04 02:05:01.456298720,3550.9482204003707,Buranda
2020-09-04 02:10:00.618415074,7123.579355526212,Wakanda
2020-09-04 02:10:01.511565304,3351.6313879498193,Buranda
2020-09-04 02:15:00.760472579,6961.018537097345,Wakanda
2020-09-04 02:15:00.809264857,2829.3992458151715,Buranda
2020-09-04 02:20:00.250185981,3577.287708444079,Buranda
2020-09-04 02:20:01.450736616,6250.815509504066,Wakanda
2020-09-04 02:25:00.350994608,5232.258355904463,Wakanda
2020-09-04 02:25:01.134915925,3501.976480900329,Buranda
2020-09-04 02:30:00.093564406,3994.992287375426,Wakanda
2020-09-04 02:30:01.355004489,4220.265059799173,Buranda
2020-09-04 02:35:01.306202190,3218.7715970246786,Buranda
2020-09-04 02:35:01.694168131,3628.132592941901,Wakanda
2020-09-04 02:40:01.296482260,4386.699351601006,Buranda
2020-09-04 02:40:01.611506551,3950.9027231931377,Wakanda
2020-09-04 02:45:00.814926527,3773.2156582726934,Buranda
2020-09-04 02:45:01.509752169,4494.68958433718,Wakanda
2020-09-04 02:50:00.083206545,4671.563103368495,Wakanda
2020-09-04 02:50:00.471064510,4342.755935880952,Buranda
2020-09-04 02:55:00.478135416,3290.7627678923827,Buranda
2020-09-04 02:55:01.496832139,5425.550451201063,Wakanda
2020-09-04 03:00:00.146584743,3940.2494031383335,Buranda
2020-09-04 03:00:01.281338650,5519.83146276385,Wakanda
2020-09-04 03:05:00.640549109,3394.754742418255,Buranda
2020-09-04 03:05:01.911974714,6388.745405763093,Wakanda
2020-09-04 03:10:00.332393026,6518.179815630878,Wakanda
2020-09-04 03:10:01.294118914,4377.572584734808,Buranda
2020-09-04 03:15:00.744705267,3934.4837988964864,Buranda
2020-09-04 03:15:00.987590497,5929.56789224766,Wakanda
2020-09-04 03:20:01.716476081,5464.876617603249,Wakanda
2020-09-04 03:20:01.807711367,3202.277877653118,Buranda
2020-09-04 03:25:00.360961778,2717.702491088969,Buranda
2020-09-04 03:25:01.570527287,,Wakanda
2020-09-04 03:30:01.402063140,3424.4855684754352,Wakanda
2020-09-04 03:30:01.799927565,3522.566542689511,Buranda
2020-09-04 03:35:00.649304550,3767.032235155008,Wakanda
2020-09-04 03:35:01.282976494,3354.057493443952,Buranda
2020-09-04 03:40:00.418152281,3398.327887798338,Buranda
2020-09-04 03:40:00.968326461,4838.983164100545,Wakanda
2020-09-04 03:45:00.724645881,,Buranda
2020-09-04 03:45:01.733001740,56723.25540174358,Wakanda
2020-09-04 03:50:00.606830613,3293.4722446305077,Buranda
2020-09-04 03:50:01.608338942,5522.28969729895,Wakanda
2020-09-04 03:55:00.501255597,5361.761920011446,Wakanda
2020-09-04 03:55:01.331741990,4081.1262844639905,Buranda
2020-09-04 04:00:01.185142155,3290.680646776617,Buranda
2020-09-04 04:00:01.731293813,,Wakanda
2020-09-04 04:05:00.304884460,4986.617631018833,Wakanda
2020-09-04 04:05:00.407840218,3965.7202837665695,Buranda
2020-09-04 04:10:00.194039950,2740.238938641609,Buranda
2020-09-04 04:10:01.595561307,4208.8887387974555,Wakanda
2020-09-04 04:15:00.215382943,3947.4811349829934,Buranda
2020-09-04 04:15:00.950419243,3646.296553354124,Wakanda
2020-09-04 04:20:00.678514011,4053.7928342289233,Wakanda
2020-09-04 04:20:00.718361138,,Buranda
2020-09-04 04:25:00.179601688,5044.582340329366,Wakanda
2020-09-04 04:25:01.908529254,3366.6744827878365,Buranda
2020-09-04 04:30:00.414436504,5498.349626055255,Wakanda
2020-09-04 04:30:01.643003523,2809.0510867853905,Buranda
2020-09-04 04:35:00.740271918,5663.264358693907,Wakanda
2020-09-04 04:35:01.389893455,3514.428157047645,Buranda
2020-09-04 04:40:00.041144817,6045.831198259168,Wakanda
2020-09-04 04:40:00.061155643,3529.6728007891807,Buranda
2020-09-04 04:45:00.870994935,3637.687919849736,Buranda
2020-09-04 04:45:00.940161820,6344.887907270034,Wakanda
2020-09-04 04:50:00.002370234,6545.395309549917,Wakanda
2020-09-04 04:50:01.959622551,3664.0732526888005,Buranda
2020-09-04 04:55:01.795737528,3742.469161994827,Buranda
2020-09-04 04:55:01.907393732,5722.483925787279,Wakanda
2020-09-04 05:00:00.910264176,3131.127776533972,Buranda
2020-09-04 05:00:01.639287058,5115.522712973467,Wakanda
2020-09-04 05:05:00.313086052,,Wakanda
2020-09-04 05:05:01.612267153,3073.813023722749,Buranda
2020-09-04 05:10:00.736792771,4974.422536459142,Wakanda
2020-09-04 05:10:00.881282768,3345.758055342425,Buranda
2020-09-04 05:15:00.110593803,4615.739188885711,Wakanda
2020-09-04 05:15:01.911602564,2662.3193019167493,Buranda
2020-09-04 05:20:01.209499412,4011.0578053550967,Buranda
2020-09-04 05:20:01.732183482,45305.205365521455,Wakanda
2020-09-04 05:25:00.012354753,2652.7799304265445,Buranda
2020-09-04 05:25:01.519252878,,Wakanda
2020-09-04 05:30:01.328865217,4019.694875453134,Buranda
2020-09-04 05:30:01.898799513,,Wakanda
2020-09-04 05:35:00.769667773,3431.909525917799,Buranda
2020-09-04 05:35:01.076713056,5441.0529163448155,Wakanda
2020-09-04 05:40:00.284578522,,Buranda
2020-09-04 05:40:01.447469397,5318.425405104579,Wakanda
2020-09-04 05:45:00.463423886,2203.721177952711,Buranda
2020-09-04 05:45:01.649658437,,Wakanda
2020-09-04 05:50:00.959406557,4861.483692976686,Wakanda
2020-09-04 05:50:01.676917191,3837.4638744683493,Buranda
2020-09-04 05:55:00.575782688,4556.193240297761,Wakanda
2020-09-04 05:55:01.149056676,3304.0399493083937,Buranda
2020-09-04 06:00:00.205129628,,Wakanda
2020-09-04 06:00:01.411368205,4188.662897710927,Buranda
2020-09-04 06:05:00.069848596,2877.8649625138164,Buranda
2020-09-04 06:05:01.486078903,3659.337400579964,Wakanda
2020-09-04 06:10:01.509579446,4404.871291117283,Buranda
2020-09-04 06:10:01.895713642,4151.58474388731,Wakanda
2020-09-04 06:15:00.181798463,,Buranda
2020-09-04 06:15:00.341746275,4820.55553051469,Wakanda
2020-09-04 06:20:00.786049601,4957.885748091795,Wakanda
2020-09-04 06:20:01.811350720,3376.48109548729,Buranda
2020-09-04 06:25:00.891280644,3031.026023351893,Buranda
2020-09-04 06:25:01.166598727,,Wakanda
2020-09-04 06:30:00.089199006,3090.7746776423164,Buranda
2020-09-04 06:30:01.148153169,5462.0492271280655,Wakanda
2020-09-04 06:35:01.175444532,5916.085664388188,Wakanda
2020-09-04 06:35:01.774671721,3498.3718278825504,Buranda
2020-09-04 06:40:00.233410103,,Buranda
2020-09-04 06:40:01.136235188,5466.093240918382,Wakanda
2020-09-04 06:45:00.808333736,5110.919096451895,Wakanda
2020-09-04 06:45:01.498856061,3033.1137439907316,Buranda
2020-09-04 06:50:00.730271012,,Wakanda
2020-09-04 06:50:00.897914224,3184.054032536341,Buranda
2020-09-04 06:55:01.648122098,3374.9612461131046,Buranda
2020-09-04 06:55:01.864394873,3821.427722512744,Wakanda
2020-09-04 07:00:00.263082747,4210.505232750286,Wakanda
2020-09-04 07:00:01.367574437,3105.539232807002,Buranda
2020-09-04 07:05:00.836816121,3520.9634385189606,Buranda
2020-09-04 07:05:01.541708193,4189.121582927671,Wakanda
2020-09-04 07:10:00.182174546,3249.3304410238898,Buranda
2020-09-04 07:10:00.666828657,4884.076406431475,Wakanda
2020-09-04 07:15:00.162755540,4020.8725309994406,Buranda
2020-09-04 07:15:00.855032045,4140.786862730114,Wakanda
2020-09-04 07:20:00.305687613,3438.2363945415027,Wakanda
2020-09-04 07:20:01.922634619,3337.201414645238,Buranda
2020-09-04 07:25:00.791453260,4185.942154438599,Wakanda
2020-09-04 07:25:00.846525910,3229.744268668902,Buranda
2020-09-04 07:30:00.488975663,2852.5215173047104,Buranda
2020-09-04 07:30:00.598074139,5137.853565065929,Wakanda
2020-09-04 07:35:01.775982324,5897.116452747331,Wakanda
2020-09-04 07:35:01.844193603,4697.003958561629,Buranda
2020-09-04 07:40:00.331207342,5693.902695057344,Wakanda
2020-09-04 07:40:00.459358972,2652.5268220405355,Buranda
2020-09-04 07:45:00.294846822,4052.960760183825,Buranda
2020-09-04 07:45:00.511933565,6034.430470298629,Wakanda
2020-09-04 07:50:00.329059478,6058.760255372953,Wakanda
2020-09-04 07:50:00.940696357,2731.1377570023487,Buranda
2020-09-04 07:55:00.038018870,6254.323099373776,Wakanda
2020-09-04 07:55:00.296299996,3515.0629631847964,Buranda
2020-09-04 08:00:00.737544800,3187.213513268448,Buranda
2020-09-04 08:00:01.532037738,5307.325827187218,Wakanda
2020-09-04 08:05:00.030336521,4025.559566335063,Buranda
2020-09-04 08:05:01.503363721,4191.974357198711,Wakanda
2020-09-04 08:10:00.621559907,3971.202516040589,Wakanda
2020-09-04 08:10:00.706939763,3793.5598186583384,Buranda
2020-09-04 08:15:01.756600781,4295.571071422335,Buranda
2020-09-04 08:15:01.823426551,4367.75108220712,Wakanda
2020-09-04 08:20:00.624843268,4516.2761422765725,Wakanda
2020-09-04 08:20:01.417438525,3645.7365945504257,Buranda
2020-09-04 08:25:00.349820497,4886.720981460116,Wakanda
2020-09-04 08:25:01.128207695,3065.3043294743766,Buranda
2020-09-04 08:30:00.802363007,4090.6446381742403,Buranda
2020-09-04 08:30:01.966138945,4379.062863817631,Wakanda
2020-09-04 08:35:00.577399503,2794.752320112413,Buranda
2020-09-04 08:35:00.863783052,4582.312114118645,Wakanda
2020-09-04 08:40:01.174310171,3250.5628871781455,Buranda
2020-09-04 08:40:01.328812955,4897.672213303087,Wakanda
2020-09-04 08:45:00.306614985,5024.942739930429,Wakanda
2020-09-04 08:45:01.622986862,,Buranda
2020-09-04 08:50:01.025179364,4086.9028984855095,Buranda
2020-09-04 08:50:01.727468675,,Wakanda
2020-09-04 08:55:00.761629729,3859.196197812916,Buranda
2020-09-04 08:55:01.183836680,4481.4120449172715,Wakanda
2020-09-04 09:00:00.899052481,3032.2808080190707,Buranda
2020-09-04 09:00:01.186309380,4867.757109565044,Wakanda
2020-09-04 09:05:00.585563474,3604.1104805318487,Buranda
2020-09-04 09:05:00.798263420,5660.281775245639,Wakanda
2020-09-04 09:10:01.110866630,3205.7889905320408,Buranda
2020-09-04 09:10:01.468824629,5947.008862557572,Wakanda
2020-09-04 09:15:00.241065726,3218.902474758772,Buranda
2020-09-04 09:15:01.365799859,6587.3289334112615,Wakanda
2020-09-04 09:20:00.888324762,3517.5967003333426,Buranda
2020-09-04 09:20:01.996314030,6237.2513115811735,Wakanda
2020-09-04 09:25:00.321494002,2777.5589935310304,Buranda
2020-09-04 09:25:00.507647792,5192.186879003268,Wakanda
2020-09-04 09:30:00.974503004,3916.2439874305273,Wakanda
2020-09-04 09:30:01.258661061,3588.803975156369,Buranda
2020-09-04 09:35:00.344894625,2556.7438068567826,Buranda
2020-09-04 09:35:01.208015864,2946.129503407844,Wakanda
2020-09-04 09:40:00.760931751,,Wakanda
2020-09-04 09:40:01.294471481,3233.200213781997,Buranda
2020-09-04 09:45:01.462017998,3447.3184049986116,Buranda
2020-09-04 09:45:01.699761907,4024.5206183946148,Wakanda
2020-09-04 09:50:00.785575115,3398.7991689801183,Buranda
2020-09-04 09:50:01.170795149,5101.8223995763055,Wakanda
2020-09-04 09:55:00.925782863,2753.043019922669,Buranda
2020-09-04 09:55:01.665819842,5229.668847231489,Wakanda
2020-09-04 10:00:00.684769882,3273.66844618067,Buranda
2020-09-04 10:00:01.766702890,5548.3506225798965,Wakanda
2020-09-04 10:05:00.219263106,5728.830486605186,Wakanda
2020-09-04 10:05:00.428415057,3622.070544430763,Buranda
2020-09-04 10:10:01.151443558,4231.527883773832,Buranda
2020-09-04 10:10:01.346958119,5816.585836285723,Wakanda
2020-09-04 10:15:01.270041204,2995.1007632633186,Buranda
2020-09-04 10:15:01.885912762,5176.445827300253,Wakanda
2020-09-04 10:20:00.086458327,,Buranda
2020-09-04 10:20:01.798389434,4632.94717116078,Wakanda
2020-09-04 10:25:00.769428577,4759.0737701874195,Wakanda
2020-09-04 10:25:01.495001094,3391.6316110733196,Buranda
2020-09-04 10:30:01.866701376,3954.064792623948,Buranda
2020-09-04 10:30:01.999206371,5139.860186872904,Wakanda
2020-09-04 10:35:01.570909945,3297.080487305606,Buranda
2020-09-04 10:35:01.848200814,5553.7996152338355,Wakanda
2020-09-04 10:40:01.447886999,44369.24900861446,Buranda
2020-09-04 10:40:01.868766923,5264.053463090753,Wakanda
2020-09-04 10:45:00.645665560,5084.387333820769,Wakanda
2020-09-04 10:45:00.792507207,4022.613830790091,Buranda
2020-09-04 10:50:00.022637587,4865.682825609718,Wakanda
2020-09-04 10:50:01.683196711,4033.269818425043,Buranda
2020-09-04 10:55:01.154443596,3688.2475153525565,Buranda
2020-09-04 10:55:01.709924773,4499.341591842829,Wakanda
2020-09-04 11:00:01.522074802,3959.954220881933,Wakanda
2020-09-04 11:00:01.777024094,3688.3264697830987,Buranda
2020-09-04 11:05:00.550122637,4344.644623029127,Wakanda
2020-09-04 11:05:00.742210551,3345.3116458780155,Buranda
2020-09-04 11:10:00.221113372,4686.995126715932,Wakanda
2020-09-04 11:10:00.640775651,3352.3575064061633,Buranda
2020-09-04 11:15:00.561654194,4234.915279868932,Buranda
2020-09-04 11:15:01.150119147,4745.679711806891,Wakanda
2020-09-04 11:20:00.358795965,3773.9136840712517,Buranda
2020-09-04 11:20:00.606348830,5093.755939776373,Wakanda
2020-09-04 11:25:00.002400723,3492.506946032516,Buranda
2020-09-04 11:25:01.194087671,4974.430830329169,Wakanda
2020-09-04 11:30:00.980679179,3742.6833473253064,Buranda
2020-09-04 11:30:01.772222937,4506.32516510431,Wakanda
2020-09-04 11:35:01.376705240,3988.391254036342,Wakanda
2020-09-04 11:35:01.459295920,3930.37639134898,Buranda
2020-09-04 11:40:00.134297385,,Wakanda
2020-09-04 11:40:01.935105839,3912.0995197424472,Buranda
2020-09-04 11:45:00.370207847,3878.766478410169,Buranda
2020-09-04 11:45:00.595948383,3952.9425647741778,Wakanda
2020-09-04 11:50:00.870440037,4029.7056178809107,Wakanda
2020-09-04 11:50:01.059871581,2603.415965726621,Buranda
2020-09-04 11:55:00.078321383,4276.041103506977,Wakanda
2020-09-04 11:55:01.132361931,3156.4308091977746,Buranda
2020-09-04 12:00:00.931078648,,Wakanda
2020-09-04 12:00:01.816209521,3431.826599750967,Buranda
2020-09-04 12:05:00.873428709,2528.5048703031516,Wakanda
2020-09-04 12:05:01.042033398,3392.658862428907,Buranda
2020-09-04 12:10:00.008759668,2634.1250546761435,Wakanda
2020-09-04 12:10:01.028300733,3865.5408686032765,Buranda
2020-09-04 12:15:00.819900299,3451.1814869304717,Buranda
2020-09-04 12:15:01.652506785,3544.9624023564193,Wakanda
2020-09-04 12:20:01.203686220,5058.738489023462,Wakanda
2020-09-04 12:20:01.812432676,3525.0860191035226,Buranda
2020-09-04 12:25:00.433022707,6397.710460013312,Wakanda
2020-09-04 12:25:00.882353676,3935.0222832916475,Buranda
2020-09-04 12:30:00.568632865,6788.837301623659,Wakanda
2020-09-04 12:30:00.947507741,3052.2339723791474,Buranda
2020-09-04 12:35:01.055968718,,Wakanda
2020-09-04 12:35:01.192547424,4106.164818737259,Buranda
2020-09-04 12:40:00.805405346,2812.3368553290256,Buranda
2020-09-04 12:40:01.102490009,6032.9376454067715,Wakanda
2020-09-04 12:45:01.100228962,4115.896285791314,Buranda
2020-09-04 12:45:01.685945524,5035.195408374674,Wakanda
2020-09-04 12:50:01.233446820,3682.5327612819947,Buranda
2020-09-04 12:50:01.771965864,4445.685279181434,Wakanda
2020-09-04 12:55:00.225138286,4479.4255035389,Wakanda
2020-09-04 12:55:00.849748638,3991.5680084832875,Buranda
2020-09-04 13:00:00.903101843,4663.389156015084,Wakanda
2020-09-04 13:00:01.740073317,3981.1356931646887,Buranda
2020-09-04 13:05:00.016394770,4319.052413515016,Buranda
2020-09-04 13:05:00.985710173,5105.00962934913,Wakanda
2020-09-04 13:10:00.304604419,5190.0692154951375,Wakanda
2020-09-04 13:10:01.428423773,3490.7572423241477,Buranda
2020-09-04 13:15:01.287082803,3619.0018777269643,Buranda
2020-09-04 13:15:01.438924301,5541.1748833330985,Wakanda
2020-09-04 13:20:00.280114293,5845.830087133717,Wakanda
2020-09-04 13:20:00.777211295,3092.9196850636595,Buranda
2020-09-04 13:25:00.193935392,4207.995141838482,Buranda
2020-09-04 13:25:01.785715178,5375.273447802979,Wakanda
2020-09-04 13:30:00.658334614,2450.5600588762445,Buranda
2020-09-04 13:30:01.287812878,5268.041190128521,Wakanda
2020-09-04 13:35:00.663861834,5396.712173080954,Wakanda
2020-09-04 13:35:01.298947795,3721.801233644791,Buranda
2020-09-04 13:40:00.874555162,4345.863280812871,Wakanda
2020-09-04 13:40:01.426429467,2493.1486274669455,Buranda
2020-09-04 13:45:00.044712046,3471.2288052263034,Wakanda
2020-09-04 13:45:01.276723107,3613.8516495840386,Buranda
2020-09-04 13:50:00.709144138,3574.9269814029367,Wakanda
2020-09-04 13:50:01.069927553,2516.3812232709847,Buranda
2020-09-04 13:55:01.415032778,3842.81147265638,Wakanda
2020-09-04 13:55:01.682155246,,Buranda
2020-09-04 14:00:00.651414025,3733.2696152492854,Wakanda
2020-09-04 14:00:01.864185482,2965.9273519642966,Buranda
2020-09-04 14:05:00.756496375,,Buranda
2020-09-04 14:05:00.840296177,4311.222845334831,Wakanda
2020-09-04 14:10:00.336693056,3079.8896559909685,Buranda
2020-09-04 14:10:01.683712169,4511.744191093123,Wakanda
2020-09-04 14:15:01.151280750,4103.2124601288515,Buranda
2020-09-04 14:15:01.236806535,5057.707722766379,Wakanda
2020-09-04 14:20:01.100029905,2940.1190457040457,Buranda
2020-09-04 14:20:01.626600949,5758.580613740398,Wakanda
2020-09-04 14:25:00.081181271,5153.257403290183,Wakanda
2020-09-04 14:25:01.607585443,,Buranda
2020-09-04 14:30:00.905926991,3181.376881155513,Buranda
2020-09-04 14:30:01.900445106,3955.056261866192,Wakanda
2020-09-04 14:35:01.084350055,3803.283760030353,Buranda
2020-09-04 14:35:01.429664500,3487.984841647976,Wakanda
2020-09-04 14:40:01.649959718,3649.432639574058,Buranda
2020-09-04 14:40:01.985668538,4343.091020256196,Wakanda
2020-09-04 14:45:00.338550015,5613.3193155305,Wakanda
2020-09-04 14:45:00.419091721,3426.8935311010364,Buranda
2020-09-04 14:50:01.258950629,3681.1836939744016,Buranda
2020-09-04 14:50:01.957142670,5993.275623853542,Wakanda
2020-09-04 14:55:01.483660720,,Buranda
2020-09-04 14:55:01.531407627,6016.87038226898,Wakanda
2020-09-04 15:00:00.360085910,6234.869906785068,Wakanda
2020-09-04 15:00:01.095678424,3269.3097078075025,Buranda
2020-09-04 15:05:00.248563419,3743.3625407230475,Buranda
2020-09-04 15:05:01.476207872,6092.719599967999,Wakanda
2020-09-04 15:10:00.437713195,3902.011162112978,Buranda
2020-09-04 15:10:01.228700703,4895.864709682756,Wakanda
2020-09-04 15:15:00.794129792,4004.168780857114,Wakanda
2020-09-04 15:15:01.222959780,3827.3289925302543,Buranda
2020-09-04 15:20:00.572264165,,Wakanda
2020-09-04 15:20:01.363836167,2877.963078198417,Buranda
2020-09-04 15:25:00.639215478,3640.303000526699,Wakanda
2020-09-04 15:25:01.288956225,4338.647783806759,Buranda
2020-09-04 15:30:00.796493554,2899.0578446420755,Buranda
2020-09-04 15:30:01.405523951,2954.9195512685833,Wakanda
2020-09-04 15:35:00.163373486,3594.6782131262808,Buranda
2020-09-04 15:35:01.937973945,2714.9345106924125,Wakanda
2020-09-04 15:40:00.514207109,3447.7333908608343,Wakanda
2020-09-04 15:40:00.906284121,3364.0340014085414,Buranda
2020-09-04 15:45:00.154640456,4159.659030856762,Wakanda
2020-09-04 15:45:00.941174439,3830.6440984150922,Buranda
2020-09-04 15:50:00.290865361,3335.477016230447,Buranda
2020-09-04 15:50:00.336003189,4952.197252725409,Wakanda
2020-09-04 15:55:00.876894963,3789.0230562234538,Buranda
2020-09-04 15:55:01.794119154,5719.874420242306,Wakanda
2020-09-04 16:00:00.430816400,3032.147635192925,Buranda
2020-09-04 16:00:00.618036741,6001.180906222099,Wakanda
2020-09-04 16:05:00.056173928,3504.0349297279795,Buranda
2020-09-04 16:05:01.957846300,5895.665907079199,Wakanda
2020-09-04 16:10:00.077097381,2657.612422163843,Buranda
2020-09-04 16:10:01.497531913,5749.63123899312,Wakanda
2020-09-04 16:15:01.263500499,3894.8689906957097,Buranda
2020-09-04 16:15:01.342528241,4909.149811474343,Wakanda
2020-09-04 16:20:00.838804361,4493.1106110357505,Wakanda
2020-09-04 16:20:01.477197457,3237.437617445626,Buranda
2020-09-04 16:25:01.437799464,4339.660943067897,Wakanda
2020-09-04 16:25:01.462718900,3987.7827868702325,Buranda
2020-09-04 16:30:00.301900191,4599.167506396363,Wakanda
2020-09-04 16:30:01.427442696,3389.5818103605457,Buranda
2020-09-04 16:35:00.301861369,3332.215935223344,Buranda
2020-09-04 16:35:00.431712534,4207.221585779175,Wakanda
2020-09-04 16:40:00.554272440,3891.089363163385,Buranda
2020-09-04 16:40:00.730598158,3867.6023798777524,Wakanda
2020-09-04 16:45:00.492519588,3690.774430286022,Buranda
2020-09-04 16:45:00.507621211,4601.1726109315205,Wakanda
2020-09-04 16:50:01.310284910,3663.898157310271,Buranda
2020-09-04 16:50:01.397772920,5257.819349655019,Wakanda
2020-09-04 16:55:00.553443150,5600.0438279754735,Wakanda
2020-09-04 16:55:01.193330024,3448.164003812328,Buranda
2020-09-04 17:00:00.851190714,3508.591099920057,Buranda
2020-09-04 17:00:01.951503541,5746.8405364675455,Wakanda
2020-09-04 17:05:00.530633048,4750.552251412762,Wakanda
2020-09-04 17:05:01.276824935,2655.498611533112,Buranda
2020-09-04 17:10:00.384990690,3882.8812810443214,Buranda
2020-09-04 17:10:01.249813485,3978.8240714526437,Wakanda
2020-09-04 17:15:00.357304943,3995.6414786051664,Wakanda
2020-09-04 17:15:01.119393940,2338.199095321226,Buranda
2020-09-04 17:20:01.427659803,3671.3598276325442,Buranda
2020-09-04 17:20:01.573899042,4366.85477176122,Wakanda
2020-09-04 17:25:00.598875191,2894.4137212513956,Buranda
2020-09-04 17:25:01.488039837,4151.748752601279,Wakanda
2020-09-04 17:30:00.700807101,4169.959798889315,Wakanda
2020-09-04 17:30:01.909714462,4502.791749518934,Buranda
2020-09-04 17:35:00.548727938,,Buranda
2020-09-04 17:35:01.439806451,4887.107920404851,Wakanda
2020-09-04 17:40:01.048475319,3464.240397528297,Buranda
2020-09-04 17:40:01.269304506,5337.003608058848,Wakanda
2020-09-04 17:45:00.451393020,64059.27604828955,Wakanda
2020-09-04 17:45:01.989118319,3947.5508752807236,Buranda
2020-09-04 17:50:00.063014965,5950.2425899379305,Wakanda
2020-09-04 17:50:01.726408402,,Buranda
2020-09-04 17:55:00.573462417,5428.077823845897,Wakanda
2020-09-04 17:55:01.379038812,3721.535756853614,Buranda
2020-09-04 18:00:00.509025191,4700.171891952035,Wakanda
2020-09-04 18:00:01.165250511,3319.057872520977,Buranda
2020-09-04 18:05:00.503328395,,Wakanda
2020-09-04 18:05:01.065582787,2471.8185359088993,Buranda
2020-09-04 18:10:00.958454887,3979.1087956943047,Wakanda
2020-09-04 18:10:01.175375867,4067.2863113270637,Buranda
2020-09-04 18:15:00.226514527,2067.0374831898102,Buranda
2020-09-04 18:15:01.299715060,5916.825244184808,Wakanda
2020-09-04 18:20:00.125802679,6760.536527000814,Wakanda
2020-09-04 18:20:01.184815066,4155.54890677662,Buranda
2020-09-04 18:25:00.390287812,6315.99899310557,Wakanda
2020-09-04 18:25:01.739437066,2752.063515738017,Buranda
2020-09-04 18:30:00.879439046,5864.915758986239,Wakanda
2020-09-04 18:30:01.574485309,3686.7392166985082,Buranda
2020-09-04 18:35:00.609315616,2492.8426297818714,Buranda
2020-09-04 18:35:01.340447653,5486.901955163416,Wakanda
2020-09-04 18:40:00.836598541,5106.059401193048,Buranda
2020-09-04 18:40:01.507911432,5190.77585281336,Wakanda
2020-09-04 18:45:00.452943481,5188.966347040444,Wakanda
2020-09-04 18:45:00.937057051,2353.0779087224228,Buranda
2020-09-04 18:50:00.941895454,5306.7414318655965,Wakanda
2020-09-04 18:50:01.355388920,4240.209155991896,Buranda
2020-09-04 18:55:00.553394782,5485.788907894292,Wakanda
2020-09-04 18:55:01.007981191,2662.0101943551645,Buranda
2020-09-04 19:00:00.182662072,4837.381303422104,Wakanda
2020-09-04 19:00:01.633985321,4675.581281903193,Buranda
2020-09-04 19:05:00.045184509,4226.075545499598,Wakanda
2020-09-04 19:05:01.373256755,2325.251049961923,Buranda
2020-09-04 19:10:00.104878935,3495.7601294300775,Wakanda
2020-09-04 19:10:01.452004235,4338.6440930543085,Buranda
2020-09-04 19:15:00.260929870,3820.3780785430936,Wakanda
2020-09-04 19:15:01.001018641,3501.9865792801174,Buranda
2020-09-04 19:20:00.562597089,4623.3013657108695,Buranda
2020-09-04 19:20:01.546983799,,Wakanda
2020-09-04 19:25:01.201874341,3264.0196294695434,Buranda
2020-09-04 19:25:01.348685448,4378.292015485544,Wakanda
2020-09-04 19:30:00.812245207,4965.685870734564,Wakanda
2020-09-04 19:30:01.304908009,4108.043799434237,Buranda
2020-09-04 19:35:01.563262150,3130.801255767252,Buranda
2020-09-04 19:35:01.741618179,5111.409193700529,Wakanda
2020-09-04 19:40:01.213102962,,Buranda
2020-09-04 19:40:01.440571913,4522.80882871045,Wakanda
2020-09-04 19:45:00.368849793,2854.543965071917,Buranda
2020-09-04 19:45:01.926282894,4097.286438506962,Wakanda
2020-09-04 19:50:00.575452356,4822.966463194714,Buranda
2020-09-04 19:50:01.402675570,4109.642912897934,Wakanda
2020-09-04 19:55:00.433226890,4030.391621608609,Wakanda
2020-09-04 19:55:00.499734426,3529.917160987671,Buranda
2020-09-04 20:00:00.951317934,4271.631179878662,Wakanda
2020-09-04 20:00:01.824208443,4550.771042088974,Buranda
2020-09-04 20:05:00.437976635,4875.0121612624525,Wakanda
2020-09-04 20:05:00.489351529,3412.2062295577634,Buranda
2020-09-04 20:10:00.520798439,4928.661246926453,Wakanda
2020-09-04 20:10:01.513749374,5011.974680569767,Buranda
2020-09-04 20:15:01.618497725,2935.09609989057,Buranda
2020-09-04 20:15:01.815070481,5149.133694813751,Wakanda
2020-09-04 20:20:00.016490028,4265.363753375127,Buranda
2020-09-04 20:20:00.285157726,4966.513865288057,Wakanda
2020-09-04 20:25:01.964156395,2425.224976798385,Buranda
2020-09-04 20:25:01.968209857,3960.9335094617754,Wakanda
2020-09-04 20:30:00.046421956,3920.1652816428614,Wakanda
2020-09-04 20:30:01.287569123,3393.4070142944565,Buranda
2020-09-04 20:35:00.680573004,4068.806175159599,Wakanda
2020-09-04 20:35:01.033898931,3186.3382039682124,Buranda
2020-09-04 20:40:01.150635601,4345.229681549168,Wakanda
2020-09-04 20:40:01.701121397,3369.9791121261023,Buranda
2020-09-04 20:45:00.013905087,3706.7109788360954,Buranda
2020-09-04 20:45:00.718699995,49533.07422471118,Wakanda
2020-09-04 20:50:01.570038441,6437.485666640878,Wakanda
2020-09-04 20:50:01.696224899,3603.8819301379954,Buranda
2020-09-04 20:55:01.792250607,6374.793187694889,Wakanda
2020-09-04 20:55:01.811828507,4098.166718121239,Buranda
2020-09-04 21:00:00.585558754,1901.9435763714048,Buranda
2020-09-04 21:00:00.694752264,6068.394521021952,Wakanda
2020-09-04 21:05:00.141891599,4905.2490132964795,Wakanda
2020-09-04 21:05:01.096950631,,Buranda
2020-09-04 21:10:01.138063072,3968.8826469208457,Wakanda
2020-09-04 21:10:01.790702375,2526.081355074756,Buranda
2020-09-04 21:15:00.077226143,3971.1165112060153,Wakanda
2020-09-04 21:15:00.452386045,4443.474315690461,Buranda
2020-09-04 21:20:01.511031545,4006.070805914264,Wakanda
2020-09-04 21:20:01.742979510,3488.8975550928094,Buranda
2020-09-04 21:25:00.284174127,4407.14428620189,Wakanda
2020-09-04 21:25:00.879911564,,Buranda
2020-09-04 21:30:00.950613686,3873.0568458284797,Buranda
2020-09-04 21:30:01.533780645,4364.093054208404,Wakanda
2020-09-04 21:35:01.337316653,3184.563285871982,Buranda
2020-09-04 21:35:01.401417634,4789.63234950708,Wakanda
2020-09-04 21:40:01.238923160,3369.0739645651674,Buranda
2020-09-04 21:40:01.784624567,5508.957999524976,Wakanda
2020-09-04 21:45:01.004796856,3048.351618107248,Buranda
2020-09-04 21:45:01.166242474,6085.621017875634,Wakanda
2020-09-04 21:50:00.456365524,6083.649511806181,Wakanda
2020-09-04 21:50:01.427686120,3272.4047523707,Buranda
2020-09-04 21:55:00.567320929,2841.0267408298296,Buranda
2020-09-04 21:55:01.079568511,5792.833852861062,Wakanda
2020-09-04 22:00:01.261681801,4702.0665106762735,Wakanda
2020-09-04 22:00:01.342589986,3430.186092765977,Buranda
2020-09-04 22:05:01.695607826,3968.378692072941,Wakanda
2020-09-04 22:05:01.881586001,2844.6113912970036,Buranda
2020-09-04 22:10:01.550999317,3616.476518569434,Buranda
2020-09-04 22:10:01.697731782,3574.0489315993336,Wakanda
2020-09-04 22:15:00.820536437,3730.5821239172797,Buranda
2020-09-04 22:15:01.376452724,3405.8577850624724,Wakanda
2020-09-04 22:20:00.665633257,4687.786882828024,Buranda
2020-09-04 22:20:01.526447200,4196.8995625037405,Wakanda
2020-09-04 22:25:01.655410045,,Wakanda
2020-09-04 22:25:01.888144568,4071.175156347894,Buranda
2020-09-04 22:30:01.074664623,4616.492832600674,Buranda
2020-09-04 22:30:01.654589588,6462.140543648688,Wakanda
2020-09-04 22:35:00.262760241,6546.78897176482,Wakanda
2020-09-04 22:35:00.776088251,3676.7082209445653,Buranda
2020-09-04 22:40:01.064163609,5671.274360808562,Wakanda
2020-09-04 22:40:01.802645421,3901.404010177362,Buranda
2020-09-04 22:45:01.851860066,,Wakanda
2020-09-04 22:45:01.947174620,3181.5167897672854,Buranda
2020-09-04 22:50:01.176880309,4122.478597683275,Wakanda
2020-09-04 22:50:01.613389776,4073.6194624784994,Buranda
2020-09-04 22:55:00.493566866,4634.575231499387,Wakanda
2020-09-04 22:55:00.591748528,2839.5464260625427,Buranda
2020-09-04 23:00:00.490095276,4188.450800866069,Buranda
2020-09-04 23:00:01.370434711,5375.896328287693,Wakanda
2020-09-04 23:05:00.954674316,5192.688609139206,Wakanda
2020-09-04 23:05:01.884410702,3353.221466182771,Buranda
2020-09-04 23:10:00.285995159,5140.823268290358,Wakanda
2020-09-04 23:10:01.842761694,3506.50337787721,Buranda
2020-09-04 23:15:01.155601574,4549.598440229283,Wakanda
2020-09-04 23:15:01.463389471,3963.084392806627,Buranda
2020-09-04 23:20:00.676763710,3454.6545596101614,Buranda
2020-09-04 23:20:01.726681858,4066.7955446795245,Wakanda
2020-09-04 23:25:00.777231009,,Wakanda
2020-09-04 23:25:01.490091106,4833.00809050726,Buranda
2020-09-04 23:30:00.238161148,3280.447789768069,Buranda
2020-09-04 23:30:00.757577874,34068.67616738843,Wakanda
2020-09-04 23:35:00.203259466,3507.0332321966694,Wakanda
2020-09-04 23:35:01.835318434,,Buranda
2020-09-04 23:40:00.468606616,,Wakanda
2020-09-04 23:40:00.560707636,3225.8892219788167,Buranda
2020-09-04 23:45:00.357134830,4123.7924161224655,Buranda
2020-09-04 23:45:00.566182144,4916.636993555017,Wakanda
2020-09-04 23:50:00.428282751,3586.032542873321,Buranda
2020-09-04 23:50:00.846078909,5214.532352411768,Wakanda
2020-09-04 23:55:00.816637838,5147.527972848152,Wakanda
2020-09-04 23:55:01.829087146,3631.3345643802395,Buranda
2020-09-05 00:00:01.098662027,3567.15109163577,Buranda
2020-09-05 00:00:01.294551426,4589.219648966391,Wakanda
2020-09-05 00:05:00.099026596,3932.8955845649416,Wakanda
2020-09-05 00:05:01.698843494,3380.145329765758,Buranda
2020-09-05 00:10:00.693648920,3511.2364964241497,Wakanda
2020-09-05 00:10:01.157594710,2989.941627271927,Buranda
2020-09-05 00:15:00.631916014,4232.148805644651,Wakanda
2020-09-05 00:15:00.892910502,3244.775497212433,Buranda
2020-09-05 00:20:00.625178797,5209.740649424724,Wakanda
2020-09-05 00:20:01.260586710,3146.8361991486145,Buranda
2020-09-05 00:25:00.047847376,5717.3169694317685,Wakanda
2020-09-05 00:25:00.435403828,3325.299809502062,Buranda
2020-09-05 00:30:00.144702584,3782.4775116660185,Buranda
2020-09-05 00:30:00.190662348,6061.517318221667,Wakanda
2020-09-05 00:35:00.977382967,56823.64052951975,Wakanda
2020-09-05 00:35:01.729308280,3861.8921633344107,Buranda
2020-09-05 00:40:00.921267629,,Buranda
2020-09-05 00:40:01.492726345,,Wakanda
2020-09-05 00:45:01.247165423,3185.7679674399506,Buranda
2020-09-05 00:45:01.435469844,4819.99135261125,Wakanda
2020-09-05 00:50:00.568278751,4622.017581444397,Wakanda
2020-09-05 00:50:01.091323889,3292.3451492635763,Buranda
2020-09-05 00:55:00.643828129,5019.935836637832,Wakanda
2020-09-05 00:55:00.801056731,3816.527847840086,Buranda
2020-09-05 01:00:01.493218471,3541.4950586047535,Buranda
2020-09-05 01:00:01.900024006,4573.312452300686,Wakanda
2020-09-05 01:05:00.748536971,4319.162710103028,Wakanda
2020-09-05 01:05:01.585568734,3371.7450724950377,Buranda
2020-09-05 01:10:00.395397264,3748.8479726696523,Wakanda
2020-09-05 01:10:01.361431766,3211.581199980077,Buranda
2020-09-05 01:15:00.405340471,3921.381549204465,Buranda
2020-09-05 01:15:01.858086427,3426.3457248997015,Wakanda
2020-09-05 01:20:00.696355107,3626.7614759797325,Wakanda
2020-09-05 01:20:01.235642258,3871.583570913592,Buranda
2020-09-05 01:25:00.064415304,2013.4594670727902,Buranda
2020-09-05 01:25:01.123765433,3748.561699906244,Wakanda
2020-09-05 01:30:00.240329335,3811.701361106331,Wakanda
2020-09-05 01:30:01.543429137,4073.561292500195,Buranda
2020-09-05 01:35:01.397205227,1954.3841073763072,Buranda
2020-09-05 01:35:01.510768684,4594.821648908527,Wakanda
2020-09-05 01:40:00.771828410,3882.477113031051,Buranda
2020-09-05 01:40:01.789406863,5011.332022578339,Wakanda
2020-09-05 01:45:01.218702525,23411.38131558371,Buranda
2020-09-05 01:45:01.837755272,4876.505118386896,Wakanda
2020-09-05 01:50:00.192216866,4311.290602458133,Wakanda
2020-09-05 01:50:01.455399885,3812.843129564937,Buranda
2020-09-05 01:55:00.250173330,3140.1779827961204,Buranda
2020-09-05 01:55:01.843674445,4262.008817684897,Wakanda
2020-09-05 02:00:00.049268902,4421.179451773443,Wakanda
2020-09-05 02:00:00.142655569,3585.2145509138545,Buranda
2020-09-05 02:05:00.834168977,4046.6183446496443,Buranda
2020-09-05 02:05:00.927886134,4431.034199164753,Wakanda
2020-09-05 02:10:00.710889771,4579.633204246472,Wakanda
2020-09-05 02:10:01.022137757,3661.2945692688572,Buranda
2020-09-05 02:15:00.717074567,5075.616367957675,Wakanda
2020-09-05 02:15:01.463756573,2931.884264121485,Buranda
2020-09-05 02:20:01.478118034,5374.875464910152,Wakanda
2020-09-05 02:20:01.605164066,3818.4806735231878,Buranda
2020-09-05 02:25:00.230659892,3031.020305548359,Buranda
2020-09-05 02:25:00.231478598,5632.393803234791,Wakanda
2020-09-05 02:30:00.822368509,5507.494915457693,Wakanda
2020-09-05 02:30:01.442113043,3854.189285822059,Buranda
2020-09-05 02:35:00.778451438,3006.3707693774113,Buranda
2020-09-05 02:35:01.428984895,5226.107509539342,Wakanda
2020-09-05 02:40:01.286707789,5823.73114065202,Wakanda
2020-09-05 02:40:01.594732201,3993.356952040838,Buranda
2020-09-05 02:45:00.620382803,5898.833693895107,Wakanda
2020-09-05 02:45:01.698181084,2860.681030927989,Buranda
2020-09-05 02:50:00.003239544,4452.110259639127,Buranda
2020-09-05 02:50:01.167516737,5902.843933864222,Wakanda
2020-09-05 02:55:00.625337678,5244.861407794829,Wakanda
2020-09-05 02:55:01.055662124,3887.072601655224,Buranda
2020-09-05 03:00:00.001357666,4284.22025036612,Buranda
2020-09-05 03:00:01.972753466,4331.857593455724,Wakanda
2020-09-05 03:05:00.970864189,4539.470090643801,Wakanda
2020-09-05 03:05:01.532045318,2953.697921488426,Buranda
2020-09-05 03:10:01.577853187,,Wakanda
2020-09-05 03:10:01.752400806,3492.7064415270365,Buranda
2020-09-05 03:15:00.885546541,4296.658854836396,Wakanda
2020-09-05 03:15:01.417503245,3413.5811363542175,Buranda
2020-09-05 03:20:00.073589130,,Buranda
2020-09-05 03:20:01.943699723,4287.033215113395,Wakanda
2020-09-05 03:25:01.004417048,3833.073278410439,Buranda
2020-09-05 03:25:01.039757492,5023.726386971225,Wakanda
2020-09-05 03:30:01.248998001,,Buranda
2020-09-05 03:30:01.478093248,5747.4292718891975,Wakanda
2020-09-05 03:35:01.553623462,6138.179900993076,Wakanda
2020-09-05 03:35:01.586855930,2393.7763705120406,Buranda
2020-09-05 03:40:00.979119432,5856.057603260888,Wakanda
2020-09-05 03:40:01.580621539,3954.1836778948573,Buranda
2020-09-05 03:45:00.003650137,2615.6930674491564,Buranda
2020-09-05 03:45:01.319793255,5266.882767474055,Wakanda
2020-09-05 03:50:00.235622341,3149.5544468497,Buranda
2020-09-05 03:50:01.086280346,4775.203998527566,Wakanda
2020-09-05 03:55:01.044857170,2765.6843328734376,Buranda
2020-09-05 03:55:01.695872130,4818.491754245338,Wakanda
2020-09-05 04:00:00.291596614,,Wakanda
2020-09-05 04:00:01.862155704,3884.531999388768,Buranda
2020-09-05 04:05:01.015503695,4703.882479474165,Wakanda
2020-09-05 04:05:01.461018385,,Buranda
2020-09-05 04:10:01.728135234,3915.1629039724157,Wakanda
2020-09-05 04:10:01.754869012,2605.5940763090794,Buranda
2020-09-05 04:15:00.799670737,4000.0528950227267,Wakanda
2020-09-05 04:15:01.655893374,3177.3898305518214,Buranda
2020-09-05 04:20:00.128889280,3326.5223017160592,Buranda
2020-09-05 04:20:01.800901905,5406.789232249539,Wakanda
2020-09-05 04:25:00.044403671,3122.538345741287,Buranda
2020-09-05 04:25:00.472061055,5848.191572703085,Wakanda
2020-09-05 04:30:00.085468024,5708.277420190165,Wakanda
2020-09-05 04:30:01.706513848,3434.6000815690877,Buranda
2020-09-05 04:35:00.418794326,5097.202235657978,Wakanda
2020-09-05 04:35:00.578958366,3095.0469418049606,Buranda
2020-09-05 04:40:00.678312719,3873.2902825989536,Buranda
2020-09-05 04:40:00.860996397,4391.903418892143,Wakanda
2020-09-05 04:45:00.700640593,4519.988333779936,Wakanda
2020-09-05 04:45:01.116956919,3975.900688792628,Buranda
2020-09-05 04:50:00.154173288,3641.545552034498,Buranda
2020-09-05 04:50:01.252827256,4861.59875379329,Wakanda
2020-09-05 04:55:01.141214869,,Wakanda
2020-09-05 04:55:01.182781767,,Buranda
2020-09-05 05:00:00.865804040,3035.8688125224,Buranda
2020-09-05 05:00:01.908988129,5294.743811782135,Wakanda
2020-09-05 05:05:01.018431854,4916.910446187521,Wakanda
2020-09-05 05:05:01.144782523,3640.7254175602884,Buranda
2020-09-05 05:10:00.510358557,2546.115449933889,Buranda
2020-09-05 05:10:01.012555639,3853.8418294934454,Wakanda
2020-09-05 05:15:01.111489762,3723.4604732806365,Wakanda
2020-09-05 05:15:01.284047785,4201.11031050871,Buranda
2020-09-05 05:20:00.710139290,3808.5523696201767,Wakanda
2020-09-05 05:20:01.380958175,2910.668893703383,Buranda
2020-09-05 05:25:00.430878411,,Buranda
2020-09-05 05:25:01.210693548,4303.366677301253,Wakanda
2020-09-05 05:30:00.377037715,4268.633334430533,Wakanda
2020-09-05 05:30:01.334057389,3037.919011609485,Buranda
2020-09-05 05:35:00.046477120,3954.7030559481964,Buranda
2020-09-05 05:35:00.956370198,4693.969416834021,Wakanda
2020-09-05 05:40:00.982475273,,Wakanda
2020-09-05 05:40:01.126257682,3411.6248321441685,Buranda
2020-09-05 05:45:00.055382093,,Wakanda
2020-09-05 05:45:01.390374784,4760.652644257754,Buranda
2020-09-05 05:50:00.033349098,2340.5425905668662,Buranda
2020-09-05 05:50:01.156525161,4943.803562340892,Wakanda
2020-09-05 05:55:00.821673407,4217.589348042809,Buranda
2020-09-05 05:55:01.616972388,5244.35181664439,Wakanda
2020-09-05 06:00:01.149744028,5777.509871188187,Wakanda
2020-09-05 06:00:01.595968760,3412.0016661093987,Buranda
2020-09-05 06:05:00.435165766,,Buranda
2020-09-05 06:05:00.788147420,6031.833682955201,Wakanda
2020-09-05 06:10:00.279714643,5874.400697825258,Wakanda
2020-09-05 06:10:01.701850757,3517.5542411704077,Buranda
2020-09-05 06:15:00.753016085,5356.0989040945315,Wakanda
2020-09-05 06:15:01.497607966,3911.3697446531105,Buranda
2020-09-05 06:20:00.584925480,4608.25911088534,Wakanda
2020-09-05 06:20:00.751083602,3709.079459245103,Buranda
2020-09-05 06:25:00.268450021,3756.7373113271933,Wakanda
2020-09-05 06:25:01.117769741,3854.9055397768557,Buranda
2020-09-05 06:30:00.442709026,3065.926989499146,Buranda
2020-09-05 06:30:01.048662834,4104.152383712901,Wakanda
2020-09-05 06:35:00.353757550,4236.36318461997,Wakanda
2020-09-05 06:35:01.342473309,3274.5295931608953,Buranda
2020-09-05 06:40:00.460101072,4640.128589921536,Wakanda
2020-09-05 06:40:00.850057493,3588.302340028941,Buranda
2020-09-05 06:45:01.697401108,3437.2878246629784,Buranda
2020-09-05 06:45:01.799711634,5072.683630408301,Wakanda
2020-09-05 06:50:01.250716594,3126.460427214302,Buranda
2020-09-05 06:50:01.826746164,5824.310453835749,Wakanda
2020-09-05 06:55:01.314891645,,Wakanda
2020-09-05 06:55:01.500279781,4033.938962236151,Buranda
2020-09-05 07:00:01.260089913,,Wakanda
2020-09-05 07:00:01.565064331,4302.8765491052645,Buranda
2020-09-05 07:05:01.296878478,3203.0168883816214,Buranda
2020-09-05 07:05:01.593093817,4689.838015539313,Wakanda
2020-09-05 07:10:00.918194761,4187.735808939161,Buranda
2020-09-05 07:10:01.886030563,4671.181356500889,Wakanda
2020-09-05 07:15:00.131913491,5275.7812978422335,Wakanda
2020-09-05 07:15:01.275606232,3903.5565008496956,Buranda
2020-09-05 07:20:00.131143878,3531.037231650906,Buranda
2020-09-05 07:20:00.286252382,5314.906426467875,Wakanda
2020-09-05 07:25:00.412324416,4005.848423157989,Buranda
2020-09-05 07:25:00.630633295,5966.203785229332,Wakanda
2020-09-05 07:30:01.739679759,3799.2993591684653,Buranda
2020-09-05 07:30:01.774903726,6306.77292551593,Wakanda
2020-09-05 07:35:00.916004908,6384.539401056329,Wakanda
2020-09-05 07:35:01.217352575,,Buranda
2020-09-05 07:40:00.508795660,6072.4813950235,Wakanda
2020-09-05 07:40:01.846257090,3745.050263308009,Buranda
2020-09-05 07:45:01.330672647,3710.4747053864367,Buranda
2020-09-05 07:45:01.996836973,6046.268044743925,Wakanda
2020-09-05 07:50:00.180801168,3383.6996455078233,Buranda
2020-09-05 07:50:00.873982089,54934.82850097424,Wakanda
2020-09-05 07:55:00.710137238,4643.471509561292,Wakanda
2020-09-05 07:55:00.831082752,4459.896969415632,Buranda
2020-09-05 08:00:00.327506506,3806.695334636633,Buranda
2020-09-05 08:00:01.029454258,4070.0828211503467,Wakanda
2020-09-05 08:05:01.079642132,3239.84718485358,Wakanda
2020-09-05 08:05:01.262616685,2981.513634937591,Buranda
2020-09-05 08:10:00.592965216,4118.24436047774,Wakanda
2020-09-05 08:10:00.620952765,3239.2995003015358,Buranda
2020-09-05 08:15:01.200378788,3402.941768728364,Buranda
2020-09-05 08:15:01.318724046,5745.9476665191005,Wakanda
2020-09-05 08:20:00.145334242,6479.9186713327745,Wakanda
2020-09-05 08:20:00.773901373,2551.289595099052,Buranda
2020-09-05 08:25:00.423224755,2655.2668514782586,Buranda
2020-09-05 08:25:00.888228558,6837.106301436297,Wakanda
2020-09-05 08:30:00.980141404,6999.6177332426605,Wakanda
2020-09-05 08:30:01.858947699,3389.4166916943122,Buranda
2020-09-05 08:35:00.849794005,,Buranda
2020-09-05 08:35:01.785059069,6347.266754306676,Wakanda
2020-09-05 08:40:00.482731368,3332.441732927299,Buranda
2020-09-05 08:40:00.599540685,5994.408965546026,Wakanda
2020-09-05 08:45:00.968361147,3964.1684751164585,Buranda
2020-09-05 08:45:01.609918693,5191.221858322786,Wakanda
2020-09-05 08:50:00.080017943,5277.208138373082,Wakanda
2020-09-05 08:50:00.825365485,2875.733973572069,Buranda
2020-09-05 08:55:00.518394440,5502.00487190202,Wakanda
2020-09-05 08:55:01.660096206,3497.4055747419993,Buranda
2020-09-05 09:00:00.075890015,4951.808001556357,Wakanda
2020-09-05 09:00:00.979637841,2965.5770025737365,Buranda
2020-09-05 09:05:00.923772266,3690.9087245589526,Buranda
2020-09-05 09:05:01.126319246,4075.9475698345,Wakanda
2020-09-05 09:10:00.966248209,3745.3468759928605,Wakanda
2020-09-05 09:10:01.801599945,2927.7086905187307,Buranda
2020-09-05 09:15:00.207395838,4293.466803189113,Wakanda
2020-09-05 09:15:01.506425080,3747.876819566687,Buranda
2020-09-05 09:20:00.201666233,2955.033947091312,Buranda
2020-09-05 09:20:01.470781158,4343.851105888852,Wakanda
2020-09-05 09:25:00.127215748,4056.613001949914,Buranda
2020-09-05 09:25:01.461992106,4655.134673255059,Wakanda
2020-09-05 09:30:00.681030328,4728.310740059269,Wakanda
2020-09-05 09:30:01.067202064,,Buranda
2020-09-05 09:35:01.047852354,4626.487417996494,Buranda
2020-09-05 09:35:01.201430356,,Wakanda
2020-09-05 09:40:01.254926902,4760.846249280785,Wakanda
2020-09-05 09:40:01.353762470,3204.4765963039267,Buranda
2020-09-05 09:45:00.549893203,4098.922921880671,Buranda
2020-09-05 09:45:01.837788486,4377.4535759844875,Wakanda
2020-09-05 09:50:00.707297743,3277.0981714816335,Buranda
2020-09-05 09:50:01.326604639,4250.829372651999,Wakanda
2020-09-05 09:55:00.132320933,4960.654699879679,Wakanda
2020-09-05 09:55:00.726633045,3122.167865753062,Buranda
2020-09-05 10:00:00.652181119,3641.6451071684396,Buranda
2020-09-05 10:00:01.180572377,4856.204142958584,Wakanda
2020-09-05 10:05:00.047793754,3370.2627201636897,Buranda
2020-09-05 10:05:01.254242849,4629.720272243622,Wakanda
2020-09-05 10:10:00.070923112,3749.413207709657,Buranda
2020-09-05 10:10:01.344721064,5316.361119418705,Wakanda
2020-09-05 10:15:00.972775955,5741.608162106164,Wakanda
2020-09-05 10:15:01.032885158,,Buranda
2020-09-05 10:20:00.378610124,3907.1543699381696,Buranda
2020-09-05 10:20:01.597817660,5837.481871298184,Wakanda
2020-09-05 10:25:00.076529536,3434.525241754828,Buranda
2020-09-05 10:25:01.478888077,57773.10372607797,Wakanda
2020-09-05 10:30:01.458340267,6681.777252064767,Wakanda
2020-09-05 10:30:01.820027605,3318.856829724264,Buranda
2020-09-05 10:35:00.420971548,6808.947495199274,Wakanda
2020-09-05 10:35:01.490458145,3924.275887783142,Buranda
2020-09-05 10:40:00.028284421,5783.853274051558,Wakanda
2020-09-05 10:40:01.432314079,3470.3090750137553,Buranda
2020-09-05 10:45:01.693664251,4612.843570158485,Wakanda
2020-09-05 10:45:01.989676081,4036.1219081899635,Buranda
2020-09-05 10:50:01.618577310,,Wakanda
2020-09-05 10:50:01.719963275,3821.5798151415934,Buranda
2020-09-05 10:55:00.094377616,4020.940168396415,Wakanda
2020-09-05 10:55:01.368617821,3507.440693497719,Buranda
2020-09-05 11:00:01.473929598,,Buranda
2020-09-05 11:00:01.841550462,4245.780832170014,Wakanda
2020-09-05 11:05:01.161294437,3034.140688208209,Buranda
2020-09-05 11:05:01.679984682,5270.446216844666,Wakanda
2020-09-05 11:10:01.333961563,6352.291970844543,Wakanda
2020-09-05 11:10:01.722091131,3438.9740992834504,Buranda
2020-09-05 11:15:00.381854553,3330.0420153758523,Buranda
2020-09-05 11:15:01.490926692,6887.034901919997,Wakanda
2020-09-05 11:20:00.397436931,3747.3230426150258,Buranda
2020-09-05 11:20:01.072673744,6799.258423166044,Wakanda
2020-09-05 11:25:00.579522030,6554.897722330488,Wakanda
2020-09-05 11:25:01.190428684,3402.6441945785527,Buranda
2020-09-05 11:30:01.045908271,3145.77154215866,Buranda
2020-09-05 11:30:01.914515972,5804.142467999814,Wakanda
2020-09-05 11:35:00.043709162,2849.4532619873326,Buranda
2020-09-05 11:35:00.704734415,4604.899519728771,Wakanda
2020-09-05 11:40:00.037832214,3957.322900193295,Wakanda
2020-09-05 11:40:01.764252518,2539.3697261093685,Buranda
2020-09-05 11:45:00.382666605,4086.392674121227,Buranda
2020-09-05 11:45:01.855478075,3173.014044062192,Wakanda
2020-09-05 11:50:00.107082614,1798.6620591166497,Buranda
2020-09-05 11:50:01.493997803,3937.814090702963,Wakanda
2020-09-05 11:55:01.140950614,5444.551344521597,Wakanda
2020-09-05 11:55:01.368501113,4139.983486971494,Buranda
2020-09-05 12:00:00.413271841,6694.513186368193,Wakanda
2020-09-05 12:00:00.715626065,1818.4185244398532,Buranda
2020-09-05 12:05:01.260512303,6844.900432896516,Wakanda
2020-09-05 12:05:01.981530690,4286.628346812582,Buranda
2020-09-05 12:10:00.824694861,6147.889746940034,Wakanda
2020-09-05 12:10:01.800549874,2121.018932620986,Buranda
2020-09-05 12:15:00.506050185,5223.008505305452,Buranda
2020-09-05 12:15:01.339185698,5169.672407801414,Wakanda
2020-09-05 12:20:01.364995990,4283.380870745226,Wakanda
2020-09-05 12:20:01.813494161,2504.402981016996,Buranda
2020-09-05 12:25:01.434914311,4410.953243089347,Buranda
2020-09-05 12:25:01.535400490,4101.380264824161,Wakanda
2020-09-05 12:30:00.214723172,2481.0280176042806,Buranda
2020-09-05 12:30:01.786811464,5049.480190270647,Wakanda
2020-09-05 12:35:00.957426477,43438.24853462694,Buranda
2020-09-05 12:35:01.443193868,5227.734831343603,Wakanda
2020-09-05 12:40:00.542030123,,Buranda
2020-09-05 12:40:00.839221672,,Wakanda
2020-09-05 12:45:00.158364513,4122.912872421097,Buranda
2020-09-05 12:45:01.764737071,6047.3601252517,Wakanda
2020-09-05 12:50:00.645736970,3288.101704078253,Buranda
2020-09-05 12:50:01.814171964,5789.773320837892,Wakanda
2020-09-05 12:55:00.931282780,5502.331834866076,Wakanda
2020-09-05 12:55:01.318387161,3145.3122063646474,Buranda
2020-09-05 13:00:01.006351737,4066.4286428355485,Buranda
2020-09-05 13:00:01.485976633,5440.311968557101,Wakanda
2020-09-05 13:05:00.023041872,3461.891617504285,Buranda
2020-09-05 13:05:00.231090210,5244.524421948874,Wakanda
2020-09-05 13:10:00.397302158,4079.3489829105856,Buranda
2020-09-05 13:10:01.857277563,5281.456223766654,Wakanda
2020-09-05 13:15:00.143261100,2954.4795929212655,Buranda
2020-09-05 13:15:00.351376314,4833.506299653539,Wakanda
2020-09-05 13:20:00.422421406,4659.23032050401,Wakanda
2020-09-05 13:20:01.609199892,3983.0100333940964,Buranda
2020-09-05 13:25:00.485770536,4736.977237054946,Wakanda
2020-09-05 13:25:00.640827138,3160.9219032117653,Buranda
2020-09-05 13:30:00.724503873,4322.768228295367,Wakanda
2020-09-05 13:30:00.991046361,3297.105255684859,Buranda
2020-09-05 13:35:01.454385338,4120.568346246013,Wakanda
2020-09-05 13:35:01.960289640,3218.724306697004,Buranda
2020-09-05 13:40:00.291900492,3906.4419804541185,Buranda
2020-09-05 13:40:00.315881862,3715.2002565625253,Wakanda
2020-09-05 13:45:01.520372640,4116.394546412662,Wakanda
2020-09-05 13:45:01.662586312,3447.568309505638,Buranda
2020-09-05 13:50:00.914670489,3525.4650257056164,Buranda
2020-09-05 13:50:01.151115993,4759.4717246052915,Wakanda
2020-09-05 13:55:01.352251604,3420.877971278366,Buranda
2020-09-05 13:55:01.384143486,4714.67248897257,Wakanda
2020-09-05 14:00:00.841731184,4677.903793926383,Wakanda
2020-09-05 14:00:01.315749290,3064.765682441594,Buranda
2020-09-05 14:05:00.486623847,,Buranda
2020-09-05 14:05:00.520542792,4972.883776388648,Wakanda
2020-09-05 14:10:00.352214544,3321.9123373440166,Buranda
2020-09-05 14:10:01.269224227,5253.094739618369,Wakanda
2020-09-05 14:15:00.473728287,,Wakanda
2020-09-05 14:15:01.684502733,4023.306292553276,Buranda
2020-09-05 14:20:01.545979925,3222.0998010819685,Buranda
2020-09-05 14:20:01.871518053,5463.865783226098,Wakanda
2020-09-05 14:25:00.764958979,3966.71049750896,Buranda
2020-09-05 14:25:01.993273748,5408.654704143482,Wakanda
2020-09-05 14:30:01.003282217,,Buranda
2020-09-05 14:30:01.602896830,5542.377728641337,Wakanda
2020-09-05 14:35:01.076290131,,Buranda
2020-09-05 14:35:01.645449308,5651.766307691736,Wakanda
2020-09-05 14:40:00.279117709,4174.830286871302,Buranda
2020-09-05 14:40:01.809697636,,Wakanda
2020-09-05 14:45:01.257196351,2206.564563066462,Buranda
2020-09-05 14:45:01.644062431,5407.411708957321,Wakanda
2020-09-05 14:50:01.025399748,3988.382351968803,Buranda
2020-09-05 14:50:01.457705299,5731.020024075643,Wakanda
2020-09-05 14:55:00.260322313,3485.3545714168013,Buranda
2020-09-05 14:55:00.645304532,5571.204119375542,Wakanda
2020-09-05 15:00:01.104175316,5229.769912493317,Wakanda
2020-09-05 15:00:01.335592152,4413.3558042186205,Buranda
2020-09-05 15:05:01.014556028,3709.9801450608566,Buranda
2020-09-05 15:05:01.039661884,4441.916133334749,Wakanda
2020-09-05 15:10:00.075377455,4940.9790499578285,Wakanda
2020-09-05 15:10:01.038716352,3555.3604976756433,Buranda
2020-09-05 15:15:00.854472673,3363.4190464908443,Buranda
2020-09-05 15:15:01.504741199,,Wakanda
2020-09-05 15:20:00.092067449,3764.136870067262,Buranda
2020-09-05 15:20:01.147253508,6670.203717192336,Wakanda
2020-09-05 15:25:00.474549523,5944.44793000518,Wakanda
2020-09-05 15:25:01.695762375,3531.5378648262263,Buranda
2020-09-05 15:30:01.174410167,5039.59021000523,Wakanda
2020-09-05 15:30:01.914839690,3283.129994335059,Buranda
2020-09-05 15:35:01.548953302,3992.102985326752,Buranda
2020-09-05 15:35:01.714619083,4272.066777975884,Wakanda
2020-09-05 15:40:01.562569094,3543.5333752949614,Wakanda
2020-09-05 15:40:01.777267824,2603.717588986428,Buranda
2020-09-05 15:45:00.595829853,4417.429743513234,Wakanda
2020-09-05 15:45:01.633967620,3371.7935513822317,Buranda
2020-09-05 15:50:01.895650149,2725.8479795325093,Buranda
2020-09-05 15:50:01.962094085,5974.15953829896,Wakanda
2020-09-05 15:55:01.364162237,6312.795166018974,Wakanda
2020-09-05 15:55:01.640210861,3522.130952657382,Buranda
2020-09-05 16:00:00.417490529,3812.3903054122848,Buranda
2020-09-05 16:00:00.728078089,6281.064389394881,Wakanda
2020-09-05 16:05:00.453278759,3075.8752699700963,Buranda
2020-09-05 16:05:00.716494484,5686.321558944726,Wakanda
2020-09-05 16:10:00.351219361,4901.433847555333,Wakanda
2020-09-05 16:10:00.568653610,4748.560952030181,Buranda
2020-09-05 16:15:00.676901096,4796.362795841901,Wakanda
2020-09-05 16:15:00.699657497,2972.3691344356266,Buranda
2020-09-05 16:20:00.378045589,3921.5255760856344,Buranda
2020-09-05 16:20:01.119606552,4275.29066313975,Wakanda
2020-09-05 16:25:00.830304951,5099.425523327684,Wakanda
2020-09-05 16:25:01.515265276,1774.1451577070968,Buranda
2020-09-05 16:30:00.489820983,3678.5130332341205,Buranda
2020-09-05 16:30:00.775382708,5936.978755674078,Wakanda
2020-09-05 16:35:00.212666970,2079.7160011658293,Buranda
2020-09-05 16:35:01.965683031,5949.88100544937,Wakanda
2020-09-05 16:40:00.271617698,5637.751471570816,Wakanda
2020-09-05 16:40:00.971898441,3073.8013020864964,Buranda
2020-09-05 16:45:01.023838133,2347.6971407391893,Buranda
2020-09-05 16:45:01.033303213,4918.901049300277,Wakanda
2020-09-05 16:50:00.081208719,3715.525934005297,Buranda
2020-09-05 16:50:00.228612552,4581.725889991693,Wakanda
2020-09-05 16:55:00.135789750,4519.082834524383,Wakanda
2020-09-05 16:55:01.834745491,2516.089542333165,Buranda
2020-09-05 17:00:01.341984750,4922.359348215644,Wakanda
2020-09-05 17:00:01.465595134,4012.166726245778,Buranda
2020-09-05 17:05:01.985594379,2560.247272733214,Buranda
2020-09-05 17:05:01.987294303,5936.019619356204,Wakanda
2020-09-05 17:10:00.754906298,7053.265125057937,Wakanda
2020-09-05 17:10:01.895251709,4096.052321288222,Buranda
2020-09-05 17:15:00.687311189,7511.269003082341,Wakanda
2020-09-05 17:15:01.759194632,3044.7008692203867,Buranda
2020-09-05 17:20:00.731717010,4436.349607856854,Buranda
2020-09-05 17:20:00.745339513,6308.340250689861,Wakanda
2020-09-05 17:25:00.488246204,2635.1261415657677,Buranda
2020-09-05 17:25:01.096941594,4926.628570337009,Wakanda
2020-09-05 17:30:00.745284599,,Wakanda
2020-09-05 17:30:01.954841323,4667.785500684971,Buranda
2020-09-05 17:35:01.162606717,3958.064929772987,Wakanda
2020-09-05 17:35:01.901868236,2835.2188063500557,Buranda
2020-09-05 17:40:01.311906736,4675.973955949459,Wakanda
2020-09-05 17:40:01.740635492,4489.594965892018,Buranda
2020-09-05 17:45:00.015441612,3309.805573044351,Buranda
2020-09-05 17:45:00.593959612,,Wakanda
2020-09-05 17:50:00.766667255,3542.4387468427553,Buranda
2020-09-05 17:50:01.027363604,4975.031195043046,Wakanda
2020-09-05 17:55:01.097809588,3055.620453263642,Buranda
2020-09-05 17:55:01.569602207,5015.65388360444,Wakanda
2020-09-05 18:00:00.838586011,5459.547980548225,Wakanda
2020-09-05 18:00:01.515343829,3739.0159740335203,Buranda
2020-09-05 18:05:01.200468916,3530.235040036573,Buranda
2020-09-05 18:05:01.962015827,5900.54790506139,Wakanda
2020-09-05 18:10:01.388834548,3638.328742226544,Buranda
2020-09-05 18:10:01.604273381,5151.244308217927,Wakanda
2020-09-05 18:15:01.256258062,3302.590426907738,Buranda
2020-09-05 18:15:01.867172043,4303.463796367489,Wakanda
2020-09-05 18:20:00.877408829,4113.928991449053,Wakanda
2020-09-05 18:20:01.724168016,3608.150184162182,Buranda
2020-09-05 18:25:01.605925442,3962.6859517679113,Wakanda
2020-09-05 18:25:01.762701927,2892.129735762607,Buranda
2020-09-05 18:30:00.958690753,3796.2021182121325,Wakanda
2020-09-05 18:30:01.036503898,3442.1315043381346,Buranda
2020-09-05 18:35:00.403413545,4175.546128122236,Buranda
2020-09-05 18:35:01.908020374,4233.917399133308,Wakanda
2020-09-05 18:40:01.151498609,5105.1612275364105,Wakanda
2020-09-05 18:40:01.284438584,4597.821721759858,Buranda
2020-09-05 18:45:00.130869374,5473.184551487988,Wakanda
2020-09-05 18:45:01.462348471,4074.5946659116235,Buranda
2020-09-05 18:50:00.649624638,,Wakanda
2020-09-05 18:50:01.630867189,3767.402099050874,Buranda
2020-09-05 18:55:00.276776628,4739.969794301294,Wakanda
2020-09-05 18:55:01.521977186,4169.601322138836,Buranda
2020-09-05 19:00:00.287111350,3715.52338032007,Wakanda
2020-09-05 19:00:01.704478658,3131.2783755300397,Buranda
2020-09-05 19:05:01.685319930,4019.93172644628,Buranda
2020-09-05 19:05:01.784907617,,Wakanda
2020-09-05 19:10:00.081878924,3097.71083482001,Buranda
2020-09-05 19:10:01.355017238,4608.027022173188,Wakanda
2020-09-05 19:15:00.070214434,5403.89698383978,Wakanda
2020-09-05 19:15:01.098100987,4406.06193441446,Buranda
2020-09-05 19:20:00.788634051,5953.461318611051,Wakanda
2020-09-05 19:20:00.830978198,3178.143925501953,Buranda
2020-09-05 19:25:00.244247959,5862.304399554028,Wakanda
2020-09-05 19:25:01.387468892,3410.6176804690344,Buranda
2020-09-05 19:30:01.058341222,5683.399280750047,Wakanda
2020-09-05 19:30:01.201665958,3664.5355098317614,Buranda
2020-09-05 19:35:00.657722378,3616.1820192455407,Buranda
2020-09-05 19:35:01.983449023,5721.926676460365,Wakanda
2020-09-05 19:40:01.043084772,5564.6508093702505,Wakanda
2020-09-05 19:40:01.687221696,3428.8498892494977,Buranda
2020-09-05 19:45:00.023981838,2885.6909726053073,Buranda
2020-09-05 19:45:00.950552700,5122.062450371808,Wakanda
2020-09-05 19:50:00.006894319,3302.3365286549088,Buranda
2020-09-05 19:50:01.637520583,4704.870189659362,Wakanda
2020-09-05 19:55:00.537413748,3694.8866829098497,Buranda
2020-09-05 19:55:01.484626375,5053.67241000271,Wakanda
2020-09-05 20:00:00.082423202,5560.613522583429,Wakanda
2020-09-05 20:00:00.888145871,4051.932308933762,Buranda
2020-09-05 20:05:01.162946192,5313.130511822599,Wakanda
2020-09-05 20:05:01.454738177,4342.877993189376,Buranda
2020-09-05 20:10:00.303173227,4544.50886298026,Buranda
2020-09-05 20:10:01.982926792,5648.868084835452,Wakanda
2020-09-05 20:15:00.871368703,3737.134231617004,Buranda
2020-09-05 20:15:01.027743120,5600.815525780522,Wakanda
2020-09-05 20:20:00.034356609,5379.4403160514485,Wakanda
2020-09-05 20:20:00.176845865,3304.0845798713326,Buranda
2020-09-05 20:25:00.368158912,4522.657485562935,Wakanda
2020-09-05 20:25:01.325753019,,Buranda
2020-09-05 20:30:00.161587112,3033.799932652541,Buranda
2020-09-05 20:30:00.576003574,3986.8100103893157,Wakanda
2020-09-05 20:35:00.305430278,3674.3840952785113,Wakanda
2020-09-05 20:35:00.343814725,3646.620057441839,Buranda
2020-09-05 20:40:00.187379346,4209.87233928122,Wakanda
2020-09-05 20:40:01.945226052,3393.7996746573144,Buranda
2020-09-05 20:45:00.199657634,,Wakanda
2020-09-05 20:45:00.544748288,3210.8899521428757,Buranda
2020-09-05 20:50:00.494826515,5617.641059760238,Wakanda
2020-09-05 20:50:00.537695583,2889.446251983471,Buranda
2020-09-05 20:55:01.230097795,4865.0963823250795,Wakanda
2020-09-05 20:55:01.466937523,3036.3724282141848,Buranda
2020-09-05 21:00:00.368930757,3463.1319723201204,Wakanda
2020-09-05 21:00:01.622476805,3432.6368878996436,Buranda
2020-09-05 21:05:01.265282792,3344.186667330609,Buranda
2020-09-05 21:05:01.989698649,3870.8222985514126,Wakanda
2020-09-05 21:10:00.716212694,31240.644504419655,Buranda
2020-09-05 21:10:00.796044646,4842.2374718368455,Wakanda
2020-09-05 21:15:00.495096724,3482.672319323875,Buranda
2020-09-05 21:15:01.205604628,5646.787322412469,Wakanda
2020-09-05 21:20:00.208394108,5860.7326896639615,Wakanda
2020-09-05 21:20:01.392620834,4128.401016724822,Buranda
2020-09-05 21:25:01.828562543,5222.582691603332,Wakanda
2020-09-05 21:25:01.839004946,3683.965445557056,Buranda
2020-09-05 21:30:00.006012972,4728.543258857707,Wakanda
2020-09-05 21:30:00.523054244,3720.4827491297847,Buranda
2020-09-05 21:35:01.032836407,,Wakanda
2020-09-05 21:35:01.441305389,,Buranda
2020-09-05 21:40:00.884196199,4139.146279025541,Buranda
2020-09-05 21:40:01.032343221,4377.879949459468,Wakanda
2020-09-05 21:45:00.694793765,4498.387178252253,Wakanda
2020-09-05 21:45:01.004598847,3247.5173345051917,Buranda
2020-09-05 21:50:01.353423748,4406.239604635293,Wakanda
2020-09-05 21:50:01.529877531,4376.362110224743,Buranda
2020-09-05 21:55:01.188557948,4648.352414034696,Wakanda
2020-09-05 21:55:01.499162506,3175.5550165609247,Buranda
2020-09-05 22:00:00.158942750,4374.446870553696,Buranda
2020-09-05 22:00:01.532014168,4792.484393744753,Wakanda
2020-09-05 22:05:00.541543513,2970.862690203617,Buranda
2020-09-05 22:05:01.472869916,4937.071170332747,Wakanda
2020-09-05 22:10:01.310112790,4286.796078107716,Buranda
2020-09-05 22:10:01.556543945,3899.6778147780583,Wakanda
2020-09-05 22:15:00.271751666,3451.390327171259,Buranda
2020-09-05 22:15:01.591532729,3298.31560637408,Wakanda
2020-09-05 22:20:01.450682252,3695.62451412243,Buranda
2020-09-05 22:20:01.515204668,,Wakanda
2020-09-05 22:25:00.318801928,3833.460085186379,Buranda
2020-09-05 22:25:01.715951901,3834.1111539434037,Wakanda
2020-09-05 22:30:00.167832755,4330.6279147957375,Buranda
2020-09-05 22:30:01.657809541,4343.546210816224,Wakanda
2020-09-05 22:35:00.052432427,3144.6183216802046,Buranda
2020-09-05 22:35:01.326790247,5051.539534739157,Wakanda
2020-09-05 22:40:00.680059611,3736.2067299351993,Buranda
2020-09-05 22:40:01.368664700,5254.249828505735,Wakanda
2020-09-05 22:45:00.464408359,5500.477444777536,Wakanda
2020-09-05 22:45:01.693525951,2901.772006524153,Buranda
2020-09-05 22:50:00.878541378,5589.090807612918,Wakanda
2020-09-05 22:50:01.346343983,4223.168903072467,Buranda
2020-09-05 22:55:00.030476019,3681.216949154797,Buranda
2020-09-05 22:55:00.971114797,5081.949549097701,Wakanda
2020-09-05 23:00:00.357802820,4800.937544611286,Wakanda
2020-09-05 23:00:01.553911507,3841.1031848520406,Buranda
2020-09-05 23:05:00.381738938,,Wakanda
2020-09-05 23:05:00.605879490,2789.558218546684,Buranda
2020-09-05 23:10:00.391441950,3908.8372956092844,Wakanda
2020-09-05 23:10:00.768665089,,Buranda
2020-09-05 23:15:00.923392200,3451.3801832407617,Buranda
2020-09-05 23:15:01.716099506,4150.106690209368,Wakanda
2020-09-05 23:20:00.457357242,3637.2148860203833,Buranda
2020-09-05 23:20:00.725353685,4699.636145777342,Wakanda
2020-09-05 23:25:00.662019983,5299.911516086538,Wakanda
2020-09-05 23:25:01.759484293,3891.1666005739385,Buranda
2020-09-05 23:30:00.006764360,5411.130125045606,Wakanda
2020-09-05 23:30:00.034407652,3801.5243319305596,Buranda
2020-09-05 23:35:00.372645668,3797.1540523701365,Buranda
2020-09-05 23:35:00.618882963,5555.059802654688,Wakanda
2020-09-05 23:40:01.587306630,5894.550603833972,Wakanda
2020-09-05 23:40:01.720713488,3591.4959527165893,Buranda
2020-09-05 23:45:01.029694090,4491.839956615617,Buranda
2020-09-05 23:45:01.907922297,6334.063260196599,Wakanda
2020-09-05 23:50:00.811354590,7139.780079207287,Wakanda
2020-09-05 23:50:00.918530006,3023.2218271592774,Buranda
2020-09-05 23:55:00.590138728,7004.694378615991,Wakanda
2020-09-05 23:55:01.116387996,4154.681916258775,Buranda
2020-09-06 00:00:00.216557773,6895.390005652923,Wakanda
2020-09-06 00:00:00.542433785,2667.7653895225944,Buranda
2020-09-06 00:05:01.569840345,6114.700147486586,Wakanda
2020-09-06 00:05:01.791989973,3648.0764151504204,Buranda
2020-09-06 00:10:01.112632977,3042.371317491573,Buranda
2020-09-06 00:10:01.352175076,52375.79725684451,Wakanda
2020-09-06 00:15:00.242307152,3998.1173097964474,Wakanda
2020-09-06 00:15:00.632120243,3577.218958481684,Buranda
2020-09-06 00:20:00.197702782,3183.9548183276565,Wakanda
2020-09-06 00:20:01.290610138,3280.806406666472,Buranda
2020-09-06 00:25:00.375124193,3411.8041842806883,Wakanda
2020-09-06 00:25:01.187204273,4066.0420823877575,Buranda
2020-09-06 00:30:00.222767749,,Buranda
2020-09-06 00:30:01.808554557,3546.317198089231,Wakanda
2020-09-06 00:35:01.156655020,3665.9381599648627,Buranda
2020-09-06 00:35:01.190339429,3708.6936545886547,Wakanda
2020-09-06 00:40:00.569082331,4249.45824197796,Wakanda
2020-09-06 00:40:00.622902948,2735.1632881020355,Buranda
2020-09-06 00:45:00.534208892,38781.90959739014,Buranda
2020-09-06 00:45:01.865126000,4731.796294951591,Wakanda
2020-09-06 00:50:00.243878190,2720.053539546387,Buranda
2020-09-06 00:50:00.502352078,5116.62547442586,Wakanda
2020-09-06 00:55:00.374940911,3161.5269121781316,Buranda
2020-09-06 00:55:01.263838112,5568.822554489293,Wakanda
2020-09-06 01:00:00.078111425,4439.276317387438,Buranda
2020-09-06 01:00:01.322145297,5669.251846815235,Wakanda
2020-09-06 01:05:00.280276665,5309.965814736972,Wakanda
2020-09-06 01:05:01.731340099,2973.769131664488,Buranda
2020-09-06 01:10:00.968231764,3928.303952647909,Buranda
2020-09-06 01:10:01.231764611,4124.028107207417,Wakanda
2020-09-06 01:15:00.837943342,3648.6890459986203,Wakanda
2020-09-06 01:15:01.401122548,2890.096792592963,Buranda
2020-09-06 01:20:00.447025413,4005.7637410718985,Buranda
2020-09-06 01:20:01.849751123,2971.4991110470087,Wakanda
2020-09-06 01:25:00.559521605,3533.630911312138,Wakanda
2020-09-06 01:25:01.266597540,2992.720697263259,Buranda
2020-09-06 01:30:00.375442432,3889.5626431924943,Wakanda
2020-09-06 01:30:01.135189439,3591.9588095227755,Buranda
2020-09-06 01:35:00.007236559,3179.5773825917686,Buranda
2020-09-06 01:35:01.551546644,4725.008849268405,Wakanda
2020-09-06 01:40:00.297959009,3656.965293277362,Buranda
2020-09-06 01:40:00.530845739,5717.079012642155,Wakanda
2020-09-06 01:45:01.227362682,3403.317504451988,Buranda
2020-09-06 01:45:01.691112111,,Wakanda
2020-09-06 01:50:00.821585067,4205.530497476764,Buranda
2020-09-06 01:50:01.327013922,7334.761394145563,Wakanda
2020-09-06 01:55:00.402773079,6112.581401210104,Wakanda
2020-09-06 01:55:01.033466873,3795.581189861472,Buranda
2020-09-06 02:00:00.791996208,3771.9930113446453,Buranda
2020-09-06 02:00:01.049429267,5052.1726132071035,Wakanda
2020-09-06 02:05:01.369464657,,Buranda
2020-09-06 02:05:01.438169318,4346.449099491543,Wakanda
2020-09-06 02:10:00.371699535,3411.415524992721,Wakanda
2020-09-06 02:10:01.078283215,4005.060165438871,Buranda
2020-09-06 02:15:01.082197679,3591.1093930847283,Wakanda
2020-09-06 02:15:01.943074430,3068.396026594961,Buranda
2020-09-06 02:20:01.179679274,3874.8111161883753,Wakanda
2020-09-06 02:20:01.300309060,4105.010245260417,Buranda
2020-09-06 02:25:00.611929420,4673.903724296052,Wakanda
2020-09-06 02:25:00.806942879,3146.1270012366476,Buranda
2020-09-06 02:30:00.342556671,3990.483215057625,Buranda
2020-09-06 02:30:00.504113177,5162.506342198683,Wakanda
2020-09-06 02:35:00.089919545,5155.210568588531,Wakanda
2020-09-06 02:35:01.466182557,4216.504577683248,Buranda
2020-09-06 02:40:00.684280781,3131.7910839804017,Buranda
2020-09-06 02:40:01.244868724,,Wakanda
2020-09-06 02:45:00.012273157,,Wakanda
2020-09-06 02:45:00.968162622,4059.721517947574,Buranda
2020-09-06 02:50:00.153974719,4155.916448481207,Wakanda
2020-09-06 02:50:00.656787896,3590.999539039666,Buranda
2020-09-06 02:55:00.647645905,4634.139389609513,Wakanda
2020-09-06 02:55:01.425498930,3819.3608344850454,Buranda
2020-09-06 03:00:01.660558467,3591.317348932388,Buranda
2020-09-06 03:00:01.931544594,5579.036781964527,Wakanda
2020-09-06 03:05:00.089215921,3498.4216370395916,Buranda
2020-09-06 03:05:01.257760788,5924.711534213873,Wakanda
2020-09-06 03:10:00.115637976,,Wakanda
2020-09-06 03:10:01.519888400,3981.2491497089322,Buranda
2020-09-06 03:15:00.030457277,4144.149622828866,Buranda
2020-09-06 03:15:01.440232304,6700.800981214034,Wakanda
2020-09-06 03:20:01.007386982,4303.859964470189,Buranda
2020-09-06 03:20:01.641410617,5763.293965383644,Wakanda
2020-09-06 03:25:00.054145526,3642.3489907840913,Buranda
2020-09-06 03:25:01.435079957,5138.389423692379,Wakanda
2020-09-06 03:30:00.842911719,3563.3709327682423,Buranda
2020-09-06 03:30:01.049589667,4808.416468562824,Wakanda
2020-09-06 03:35:01.175329795,5001.127088299403,Wakanda
2020-09-06 03:35:01.216747218,4312.940522634486,Buranda
2020-09-06 03:40:00.378029867,5263.365922849654,Wakanda
2020-09-06 03:40:00.963609462,3744.0810543672383,Buranda
2020-09-06 03:45:00.004690164,4044.9233882380922,Buranda
2020-09-06 03:45:00.591679827,5501.287028674733,Wakanda
2020-09-06 03:50:00.567299552,4166.811328873829,Buranda
2020-09-06 03:50:00.779424284,5001.893599933513,Wakanda
2020-09-06 03:55:00.253360010,3364.3780235075633,Buranda
2020-09-06 03:55:01.370475092,4034.325270445457,Wakanda
2020-09-06 04:00:00.430825836,3526.628235683054,Wakanda
2020-09-06 04:00:00.624086360,3500.8541276123083,Buranda
2020-09-06 04:05:01.046204309,3806.4301819910943,Buranda
2020-09-06 04:05:01.886050901,3757.1107537743046,Wakanda
2020-09-06 04:10:00.340324912,2933.322636949586,Buranda
2020-09-06 04:10:01.103963738,4562.445689413429,Wakanda
2020-09-06 04:15:01.679011248,3856.9154168879095,Buranda
2020-09-06 04:15:01.735529440,5498.380271339222,Wakanda
2020-09-06 04:20:01.284413493,3245.6345595044436,Buranda
2020-09-06 04:20:01.833761120,5638.283667057249,Wakanda
2020-09-06 04:25:00.552063603,6126.740906321558,Wakanda
2020-09-06 04:25:01.958883649,3861.0131586717853,Buranda
2020-09-06 04:30:00.525803101,5903.702309137463,Wakanda
2020-09-06 04:30:01.578988661,3710.364705197937,Buranda
2020-09-06 04:35:00.739591601,5857.1613746941985,Wakanda
2020-09-06 04:35:01.281998864,4192.893882711143,Buranda
2020-09-06 04:40:00.529447132,5861.247676460058,Wakanda
2020-09-06 04:40:01.290416248,,Buranda
2020-09-06 04:45:00.514297684,5770.10601725438,Wakanda
2020-09-06 04:45:01.855476605,3498.6764578852867,Buranda
2020-09-06 04:50:01.266170939,3955.2514251812718,Buranda
2020-09-06 04:50:01.380896299,5774.840614042681,Wakanda
2020-09-06 04:55:00.262508618,3472.600751481985,Buranda
2020-09-06 04:55:00.501505216,5868.562659462974,Wakanda
2020-09-06 05:00:00.354245362,3389.499685110592,Buranda
2020-09-06 05:00:01.981600549,4503.729924945734,Wakanda
2020-09-06 05:05:00.132091957,3526.8580279795565,Wakanda
2020-09-06 05:05:00.857533214,3968.177671342123,Buranda
2020-09-06 05:10:00.687184572,34479.5365345987,Buranda
2020-09-06 05:10:01.441259816,2872.437723643993,Wakanda
2020-09-06 05:15:00.997540914,3370.4946532085555,Buranda
2020-09-06 05:15:01.009488257,3058.095853050673,Wakanda
2020-09-06 05:20:00.160062803,3274.6963438063476,Buranda
2020-09-06 05:20:01.218428001,,Wakanda
2020-09-06 05:25:00.049436454,3620.2778812822753,Buranda
2020-09-06 05:25:00.173359314,5451.077693947096,Wakanda
2020-09-06 05:30:00.441857014,2633.8914480055864,Buranda
2020-09-06 05:30:01.994606039,5906.317886672278,Wakanda
2020-09-06 05:35:00.493655148,3339.8350461790187,Buranda
2020-09-06 05:35:00.876836640,5416.634986629134,Wakanda
2020-09-06 05:40:01.000273911,4632.226378956782,Wakanda
2020-09-06 05:40:01.441110984,3901.6359328348863,Buranda
2020-09-06 05:45:00.629440958,,Buranda
2020-09-06 05:45:01.270085292,3989.1139058611448,Wakanda
2020-09-06 05:50:00.713794370,4274.117327722758,Wakanda
2020-09-06 05:50:01.858741690,4146.712690890017,Buranda
2020-09-06 05:55:00.490692903,2985.7415918003035,Buranda
2020-09-06 05:55:01.153543865,5100.676235304453,Wakanda
2020-09-06 06:00:00.004572653,36774.25627042868,Buranda
2020-09-06 06:00:01.613802850,,Wakanda
2020-09-06 06:05:00.212287270,3853.4588972307856,Buranda
2020-09-06 06:05:01.304073140,4758.714992978595,Wakanda
2020-09-06 06:10:00.062517914,4892.0586236093,Wakanda
2020-09-06 06:10:00.910091679,3023.2342505314073,Buranda
2020-09-06 06:15:00.247768647,3598.5113719823307,Buranda
2020-09-06 06:15:00.326921719,4879.464346285769,Wakanda
2020-09-06 06:20:01.327646635,3943.7541827085497,Buranda
2020-09-06 06:20:01.347335663,4302.767945104064,Wakanda
2020-09-06 06:25:00.543367894,4383.577329669008,Wakanda
2020-09-06 06:25:01.082172936,4034.393682525941,Buranda
2020-09-06 06:30:00.439121613,3885.982839714945,Buranda
2020-09-06 06:30:00.777514940,4555.343681111528,Wakanda
2020-09-06 06:35:00.147907469,4328.39920400096,Buranda
2020-09-06 06:35:01.509640891,4334.928525774123,Wakanda
2020-09-06 06:40:00.747088029,4391.403038034759,Wakanda
2020-09-06 06:40:01.228397644,2704.483785629396,Buranda
2020-09-06 06:45:00.039223670,4687.750372316725,Wakanda
2020-09-06 06:45:01.855628283,4194.408558115896,Buranda
2020-09-06 06:50:00.433498094,4609.708932340858,Wakanda
2020-09-06 06:50:01.624761704,3488.129487089428,Buranda
2020-09-06 06:55:00.845227525,3604.47568595723,Buranda
2020-09-06 06:55:00.989536287,4296.243768691385,Wakanda
2020-09-06 07:00:01.149359154,3458.1435259692244,Buranda
2020-09-06 07:00:01.612285548,4550.613436252189,Wakanda
2020-09-06 07:05:01.007896534,,Buranda
2020-09-06 07:05:01.549899789,,Wakanda
2020-09-06 07:10:00.308056944,4574.667639830024,Buranda
2020-09-06 07:10:00.728266733,6748.83943219914,Wakanda
2020-09-06 07:15:00.136012473,7019.578505116139,Wakanda
2020-09-06 07:15:00.467632427,2837.990366792641,Buranda
2020-09-06 07:20:00.409606756,6225.2478792140655,Wakanda
2020-09-06 07:20:01.993634315,4185.091060789218,Buranda
2020-09-06 07:25:00.784238842,5573.485733567359,Wakanda
2020-09-06 07:25:01.240429179,3585.487397490461,Buranda
2020-09-06 07:30:00.233986416,3209.2073056483973,Buranda
2020-09-06 07:30:01.183632388,4933.637657281392,Wakanda
2020-09-06 07:35:00.084357648,2765.6068912403116,Buranda
2020-09-06 07:35:00.930690259,4428.835144801016,Wakanda
2020-09-06 07:40:00.481220178,4243.048607190365,Wakanda
2020-09-06 07:40:01.915502148,3092.9172714202195,Buranda
2020-09-06 07:45:00.051260417,4551.942233340623,Wakanda
2020-09-06 07:45:00.139861860,3537.626653320954,Buranda
2020-09-06 07:50:00.680814193,2795.477554430916,Buranda
2020-09-06 07:50:01.128493960,4677.904401915459,Wakanda
2020-09-06 07:55:01.402094058,3255.806834478066,Buranda
2020-09-06 07:55:01.738974361,3934.8872421807973,Wakanda
2020-09-06 08:00:01.355825967,4225.67915115778,Wakanda
2020-09-06 08:00:01.494810015,3594.7235256156328,Buranda
2020-09-06 08:05:01.155649997,5045.6312870381225,Wakanda
2020-09-06 08:05:01.992650829,3847.255716468165,Buranda
2020-09-06 08:10:00.690887028,5656.695012765194,Wakanda
2020-09-06 08:10:01.613689985,3251.911189086547,Buranda
2020-09-06 08:15:00.130509665,5916.741443688632,Wakanda
2020-09-06 08:15:01.912471255,3507.8733341383386,Buranda
2020-09-06 08:20:00.967145979,4213.408346272181,Buranda
2020-09-06 08:20:01.190773564,6125.955898266274,Wakanda
2020-09-06 08:25:00.988844229,3822.535628903112,Buranda
2020-09-06 08:25:01.631618626,5728.243947767765,Wakanda
2020-09-06 08:30:00.045437912,4827.388968107324,Wakanda
2020-09-06 08:30:00.500371659,37097.580440305,Buranda
2020-09-06 08:35:00.045738886,3422.8121702570497,Buranda
2020-09-06 08:35:00.604927881,4337.998105743984,Wakanda
2020-09-06 08:40:00.259938930,4587.065477794238,Wakanda
2020-09-06 08:40:00.731656589,3837.9035107328987,Buranda
2020-09-06 08:45:00.025361337,5263.983595469259,Wakanda
2020-09-06 08:45:01.729414319,2958.2552745908533,Buranda
2020-09-06 08:50:00.388362618,3902.314133523957,Buranda
2020-09-06 08:50:00.941891482,5461.557352585448,Wakanda
2020-09-06 08:55:00.370625681,3515.469601688022,Buranda
2020-09-06 08:55:01.184682541,5722.877832175136,Wakanda
2020-09-06 09:00:00.953533063,4048.3795897675727,Buranda
2020-09-06 09:00:01.362481255,5564.142700988672,Wakanda
2020-09-06 09:05:00.963263198,3449.7785508432294,Buranda
2020-09-06 09:05:01.770316766,4913.299466415504,Wakanda
2020-09-06 09:10:00.195128549,,Buranda
2020-09-06 09:10:00.349886734,4668.329129277469,Wakanda
2020-09-06 09:15:00.458006232,3626.7493361797574,Buranda
2020-09-06 09:15:01.241695768,4673.441647968134,Wakanda
2020-09-06 09:20:00.426858785,3953.37800631364,Buranda
2020-09-06 09:20:01.130461430,4734.442849906452,Wakanda
2020-09-06 09:25:00.294346187,5611.410245074257,Wakanda
2020-09-06 09:25:00.410145047,,Buranda
2020-09-06 09:30:01.233878008,6778.532388503391,Wakanda
2020-09-06 09:30:01.695237295,4123.619476962806,Buranda
2020-09-06 09:35:00.120970602,3750.902095052811,Buranda
2020-09-06 09:35:01.237445364,6736.661971511566,Wakanda
2020-09-06 09:40:00.470868628,3945.4497508157974,Buranda
2020-09-06 09:40:01.095007552,6532.649147775552,Wakanda
2020-09-06 09:45:00.019168734,5210.362525299119,Wakanda
2020-09-06 09:45:01.152544030,3848.023043066294,Buranda
2020-09-06 09:50:00.589108010,,Buranda
2020-09-06 09:50:01.553409754,,Wakanda
2020-09-06 09:55:01.204848112,3399.282913557025,Wakanda
2020-09-06 09:55:01.457094186,4148.561242848602,Buranda
2020-09-06 10:00:01.599968412,3399.2290513943035,Buranda
2020-09-06 10:00:01.879016152,3724.2354633322198,Wakanda
2020-09-06 10:05:00.691787555,3651.586317663764,Buranda
2020-09-06 10:05:01.629935740,3809.674692938252,Wakanda
2020-09-06 10:10:00.856411358,4059.4661136780414,Wakanda
2020-09-06 10:10:01.518812330,3240.7569170770275,Buranda
2020-09-06 10:15:01.410268697,4648.280251939196,Wakanda
2020-09-06 10:15:01.957777856,4393.790140846708,Buranda
2020-09-06 10:20:01.178022259,,Wakanda
2020-09-06 10:20:01.851498472,2463.919159129132,Buranda
2020-09-06 10:25:01.095063420,4207.8496933887145,Buranda
2020-09-06 10:25:01.562315252,5667.374228480601,Wakanda
2020-09-06 10:30:01.184992137,,Wakanda
2020-09-06 10:30:01.551553908,2245.6933586566092,Buranda
2020-09-06 10:35:01.213991837,5609.56562873719,Wakanda
2020-09-06 10:35:01.360390232,5354.59663104144,Buranda
2020-09-06 10:40:00.119241954,2598.4005121520495,Buranda
2020-09-06 10:40:01.156635128,5699.043124359168,Wakanda
2020-09-06 10:45:00.366522360,4460.579222159394,Buranda
2020-09-06 10:45:00.603552973,5366.662410037599,Wakanda
2020-09-06 10:50:01.048663795,1996.4545739514938,Buranda
2020-09-06 10:50:01.281855425,4780.526293133878,Wakanda
2020-09-06 10:55:00.125887675,4066.4699759683153,Wakanda
2020-09-06 10:55:00.862880967,4554.915604756317,Buranda
2020-09-06 11:00:00.798047694,4545.246442507949,Wakanda
2020-09-06 11:00:01.486191281,2361.4487361766487,Buranda
2020-09-06 11:05:00.143445770,4347.66805320783,Buranda
2020-09-06 11:05:01.172042881,4947.049582018559,Wakanda
2020-09-06 11:10:00.871186821,5065.410151240401,Wakanda
2020-09-06 11:10:01.596107938,3211.4615394157972,Buranda
2020-09-06 11:15:00.099391247,6009.831484336583,Wakanda
2020-09-06 11:15:00.483839595,4737.171939982749,Buranda
2020-09-06 11:20:00.165066101,3337.751130774929,Buranda
2020-09-06 11:20:00.759092574,6169.87437937706,Wakanda
2020-09-06 11:25:00.307336280,5092.2191078383285,Wakanda
2020-09-06 11:25:01.491515798,5298.503541538486,Buranda
2020-09-06 11:30:00.140145175,2746.8331195325486,Buranda
2020-09-06 11:30:00.471763205,4532.592564084833,Wakanda
2020-09-06 11:35:00.698208697,4906.473880534516,Buranda
2020-09-06 11:35:01.711927982,4518.662441060985,Wakanda
2020-09-06 11:40:00.517460398,2701.6241708084317,Buranda
2020-09-06 11:40:01.210580111,4420.8453474647995,Wakanda
2020-09-06 11:45:01.258106960,4335.053941651686,Wakanda
2020-09-06 11:45:01.512170376,4526.817670934479,Buranda
2020-09-06 11:50:00.286160208,4799.148481582573,Wakanda
2020-09-06 11:50:01.723919279,2215.6240292176135,Buranda
2020-09-06 11:55:00.229710478,5736.515593254368,Wakanda
2020-09-06 11:55:00.323976781,,Buranda
2020-09-06 12:00:00.459162771,2207.6203011232556,Buranda
2020-09-06 12:00:00.658602258,6081.431324218664,Wakanda
2020-09-06 12:05:00.495899010,5582.549153735165,Wakanda
2020-09-06 12:05:01.890488816,4577.354162682798,Buranda
2020-09-06 12:10:00.902712892,4484.808519643895,Wakanda
2020-09-06 12:10:01.178484198,1718.268110238149,Buranda
2020-09-06 12:15:01.797111482,4012.6310307533386,Buranda
2020-09-06 12:15:01.915706459,2997.25187525082,Wakanda
2020-09-06 12:20:00.105318936,2082.482480980309,Buranda
2020-09-06 12:20:00.377047117,3223.965058269846,Wakanda
2020-09-06 12:25:00.156295565,3160.0045723246067,Wakanda
2020-09-06 12:25:01.080445007,3995.1802134770587,Buranda
2020-09-06 12:30:00.667271466,4161.1174170512895,Wakanda
2020-09-06 12:30:01.479916961,2655.237919412584,Buranda
2020-09-06 12:35:00.202598068,3934.570326439063,Buranda
2020-09-06 12:35:00.762225421,5372.422263538999,Wakanda
2020-09-06 12:40:00.161711586,2886.0333168869547,Buranda
2020-09-06 12:40:00.576691057,6434.662832424248,Wakanda
2020-09-06 12:45:00.582898674,4127.720396279372,Buranda
2020-09-06 12:45:01.159556349,6790.694809951356,Wakanda
2020-09-06 12:50:01.104777903,5793.970986698496,Wakanda
2020-09-06 12:50:01.416156315,4579.311248737407,Buranda
2020-09-06 12:55:00.240103154,3243.512668933424,Buranda
2020-09-06 12:55:01.447221907,,Wakanda
2020-09-06 13:00:00.902905728,4040.082584717189,Buranda
2020-09-06 13:00:01.068253135,3749.2649729304158,Wakanda
2020-09-06 13:05:00.417987777,3444.3474815091386,Buranda
2020-09-06 13:05:01.071396429,3726.809514882024,Wakanda
2020-09-06 13:10:00.622242674,4335.986183810512,Wakanda
2020-09-06 13:10:01.726291086,3150.713270481733,Buranda
2020-09-06 13:15:00.782879713,5323.176919559609,Wakanda
2020-09-06 13:15:01.201641285,2772.2377276890998,Buranda
2020-09-06 13:20:00.671599457,3797.0829544751787,Buranda
2020-09-06 13:20:00.901317948,5960.602728182962,Wakanda
2020-09-06 13:25:01.112728149,5788.508796804326,Wakanda
2020-09-06 13:25:01.796654551,2929.905409173495,Buranda
2020-09-06 13:30:00.357799800,5281.014066496244,Wakanda
2020-09-06 13:30:00.709141103,3164.0104667791443,Buranda
2020-09-06 13:35:00.891428063,3541.778020982354,Buranda
2020-09-06 13:35:01.018214512,,Wakanda
2020-09-06 13:40:00.037526184,5058.844515798413,Wakanda
2020-09-06 13:40:00.761050458,4209.5111019166325,Buranda
2020-09-06 13:45:00.882006684,4565.088130554879,Wakanda
2020-09-06 13:45:01.039764157,2665.725382424504,Buranda
2020-09-06 13:50:00.376970426,4758.692276949931,Buranda
2020-09-06 13:50:01.390989631,5245.439747202335,Wakanda
2020-09-06 13:55:00.430354977,2931.3943689528155,Buranda
2020-09-06 13:55:01.315778747,5478.13989570538,Wakanda
2020-09-06 14:00:01.456774586,4408.698276485737,Buranda
2020-09-06 14:00:01.535900681,5371.410571413926,Wakanda
2020-09-06 14:05:00.302452493,,Wakanda
2020-09-06 14:05:01.685039334,3217.070297258935,Buranda
2020-09-06 14:10:00.255453117,5077.53125341932,Wakanda
2020-09-06 14:10:00.568116223,3784.37835671222,Buranda
2020-09-06 14:15:01.397944139,3588.2095227834407,Buranda
2020-09-06 14:15:01.835713050,4783.650606685223,Wakanda
2020-09-06 14:20:00.398772816,2847.9586464963495,Buranda
2020-09-06 14:20:00.473239900,4444.415131432287,Wakanda
2020-09-06 14:25:00.543725833,34169.359286258965,Buranda
2020-09-06 14:25:01.510104574,3863.045126998363,Wakanda
2020-09-06 14:30:00.848129460,,Buranda
2020-09-06 14:30:01.125978857,4066.412755077572,Wakanda
2020-09-06 14:35:00.791650782,,Wakanda
2020-09-06 14:35:01.565999680,3913.600030521625,Buranda
2020-09-06 14:40:00.716193921,4325.136965388131,Wakanda
2020-09-06 14:40:01.888719323,3282.8640851008367,Buranda
2020-09-06 14:45:01.223364139,4143.039553443471,Buranda
2020-09-06 14:45:01.813544328,4187.924433349753,Wakanda
2020-09-06 14:50:00.226765074,4238.754324165703,Wakanda
2020-09-06 14:50:00.424973875,2843.440105862878,Buranda
2020-09-06 14:55:00.505448309,4837.544614595553,Wakanda
2020-09-06 14:55:00.682156286,3969.235758644646,Buranda
2020-09-06 15:00:00.043870972,5706.18560625156,Wakanda
2020-09-06 15:00:01.639127123,3437.1158536169155,Buranda
2020-09-06 15:05:00.599153578,4280.907090302263,Buranda
2020-09-06 15:05:01.422920914,5966.8608804106525,Wakanda
2020-09-06 15:10:00.484900644,6266.504227881953,Wakanda
2020-09-06 15:10:01.099071553,2920.674529453632,Buranda
2020-09-06 15:15:00.902387155,5860.815586549636,Wakanda
2020-09-06 15:15:01.780099026,5106.671544142324,Buranda
2020-09-06 15:20:00.353256083,4314.439632331152,Wakanda
2020-09-06 15:20:01.946262370,3394.705989805551,Buranda
2020-09-06 15:25:00.242414782,4197.139962796686,Wakanda
2020-09-06 15:25:01.332220298,4997.784079213315,Buranda
2020-09-06 15:30:01.548293405,3546.165278493744,Buranda
2020-09-06 15:30:01.628009100,4900.754083564014,Wakanda
2020-09-06 15:35:00.206295719,4112.343720486934,Buranda
2020-09-06 15:35:01.784877684,5136.368747446477,Wakanda
2020-09-06 15:40:00.525587151,2683.6357625696155,Buranda
2020-09-06 15:40:01.944376332,5342.045246101506,Wakanda
2020-09-06 15:45:00.600755943,3788.0990568703764,Buranda
2020-09-06 15:45:00.966235766,4654.748116328259,Wakanda
2020-09-06 15:50:00.515822362,3021.980106509707,Wakanda
2020-09-06 15:50:00.964183974,2760.8111875424597,Buranda
2020-09-06 15:55:00.025892895,2956.5821773871207,Wakanda
2020-09-06 15:55:01.315251757,4196.93218730807,Buranda
2020-09-06 16:00:01.256080701,4291.77541380122,Wakanda
2020-09-06 16:00:01.962282111,3138.3446593819576,Buranda
2020-09-06 16:05:01.848522872,5827.663134262955,Wakanda
2020-09-06 16:05:01.983763236,4725.333229585838,Buranda
2020-09-06 16:10:00.366964975,6717.849906848539,Wakanda
2020-09-06 16:10:00.751802076,2657.2900370119282,Buranda
2020-09-06 16:15:00.088940442,6847.613535143178,Wakanda
2020-09-06 16:15:01.825197915,4421.637325044574,Buranda
2020-09-06 16:20:00.156569283,5691.561719489826,Wakanda
2020-09-06 16:20:01.429022959,,Buranda
2020-09-06 16:25:00.539380869,4855.552932553077,Wakanda
2020-09-06 16:25:01.164524360,4686.845587036067,Buranda
2020-09-06 16:30:01.374093303,4104.050142475638,Wakanda
2020-09-06 16:30:01.698835313,3454.769655834778,Buranda
2020-09-06 16:35:00.274617082,3808.397231493125,Wakanda
2020-09-06 16:35:01.000559982,4578.534025988674,Buranda
2020-09-06 16:40:00.422684194,3728.3197994569186,Wakanda
2020-09-06 16:40:01.301709701,3254.1994556429654,Buranda
2020-09-06 16:45:01.484767969,3902.3026734833334,Buranda
2020-09-06 16:45:01.535663004,4108.005452754027,Wakanda
2020-09-06 16:50:00.768770037,2507.812488042908,Buranda
2020-09-06 16:50:01.941822694,5361.32846415527,Wakanda
2020-09-06 16:55:00.024897067,5697.698057112131,Wakanda
2020-09-06 16:55:01.659062927,3927.967884599546,Buranda
2020-09-06 17:00:01.454335129,3478.723251653054,Buranda
2020-09-06 17:00:01.617688579,5561.503943927652,Wakanda
2020-09-06 17:05:00.691318711,5338.9785547711235,Wakanda
2020-09-06 17:05:00.935937338,3176.5023660530755,Buranda
2020-09-06 17:10:00.231821790,3014.6515120271747,Buranda
2020-09-06 17:10:00.819474507,6001.734462328206,Wakanda
2020-09-06 17:15:00.250058255,4170.92856151886,Buranda
2020-09-06 17:15:01.528475096,6184.131663373382,Wakanda
2020-09-06 17:20:00.025167735,4740.777277183489,Buranda
2020-09-06 17:20:01.398452884,5642.974972597214,Wakanda
2020-09-06 17:25:00.051070826,4301.270221887709,Wakanda
2020-09-06 17:25:00.397166356,3718.590350575695,Buranda
2020-09-06 17:30:00.218603557,3967.9440292292306,Wakanda
2020-09-06 17:30:00.686764614,3317.838154539676,Buranda
2020-09-06 17:35:00.094916756,2392.371324448186,Buranda
2020-09-06 17:35:01.177335499,3889.634256614184,Wakanda
2020-09-06 17:40:01.191341020,3316.8165448053405,Buranda
2020-09-06 17:40:01.465547883,4778.861629546396,Wakanda
2020-09-06 17:45:00.424599754,5645.460321054018,Wakanda
2020-09-06 17:45:01.982341943,3397.9715684247185,Buranda
2020-09-06 17:50:01.269970430,3361.749568766538,Buranda
2020-09-06 17:50:01.471267139,6037.540680471209,Wakanda
2020-09-06 17:55:00.494364470,5587.677051005668,Wakanda
2020-09-06 17:55:00.929248318,3885.181028848391,Buranda
2020-09-06 18:00:00.642897679,5055.786800240605,Wakanda
2020-09-06 18:00:01.805028896,3738.115508869105,Buranda
2020-09-06 18:05:00.812839767,3727.5168153794857,Buranda
2020-09-06 18:05:01.622507894,4461.0763119758785,Wakanda
2020-09-06 18:10:00.768383617,3517.097945292879,Buranda
2020-09-06 18:10:01.923454570,,Wakanda
2020-09-06 18:15:00.440499997,3031.622548590765,Buranda
2020-09-06 18:15:01.424135391,3394.403994873859,Wakanda
2020-09-06 18:20:00.040791193,3875.0517541105473,Buranda
2020-09-06 18:20:00.410876120,3371.7696543229076,Wakanda
2020-09-06 18:25:00.381779346,2389.7410903960294,Buranda
2020-09-06 18:25:00.484018252,5017.962135950249,Wakanda
2020-09-06 18:30:01.131725803,6257.688569326083,Wakanda
2020-09-06 18:30:01.386148727,4136.033622997575,Buranda
2020-09-06 18:35:00.237080867,6938.187711205975,Wakanda
2020-09-06 18:35:00.812029667,3162.767620587866,Buranda
2020-09-06 18:40:00.306046937,7007.91761639811,Wakanda
2020-09-06 18:40:00.744255123,4120.117664495905,Buranda
2020-09-06 18:45:00.060992825,6237.186741394171,Wakanda
2020-09-06 18:45:01.394755766,3823.9065170256163,Buranda
2020-09-06 18:50:00.308808253,3728.320864256335,Buranda
2020-09-06 18:50:00.660061824,4928.34362777923,Wakanda
2020-09-06 18:55:00.448164989,3197.8774565302692,Buranda
2020-09-06 18:55:01.350036960,4344.341922875659,Wakanda
2020-09-06 19:00:00.714162730,3844.3162458375646,Buranda
2020-09-06 19:00:00.938701892,4462.420479672125,Wakanda
2020-09-06 19:05:01.003916829,4711.915690192105,Wakanda
2020-09-06 19:05:01.332785704,2844.7114040317956,Buranda
2020-09-06 19:10:00.259123673,5072.608391400912,Wakanda
2020-09-06 19:10:00.972187053,4182.510195878224,Buranda
2020-09-06 19:15:01.505799275,5795.045991015342,Wakanda
2020-09-06 19:15:01.640667745,2844.63404793739,Buranda
2020-09-06 19:20:00.333862129,5588.192590058985,Wakanda
2020-09-06 19:20:01.751395336,3741.947009961566,Buranda
2020-09-06 19:25:00.506228627,2663.4165773273894,Buranda
2020-09-06 19:25:01.841543468,5462.3746091984085,Wakanda
2020-09-06 19:30:00.615419400,4832.610378480909,Wakanda
2020-09-06 19:30:00.810956924,4334.507811646913,Buranda
2020-09-06 19:35:00.833705700,3692.907913459304,Wakanda
2020-09-06 19:35:01.027304682,,Buranda
2020-09-06 19:40:00.966145966,3963.8964665327403,Buranda
2020-09-06 19:40:01.046262600,3592.6893353150995,Wakanda
2020-09-06 19:45:00.878429679,3191.4712955408127,Buranda
2020-09-06 19:45:00.904992932,3639.505113614,Wakanda
2020-09-06 19:50:00.874254829,3578.1894888259694,Buranda
2020-09-06 19:50:01.922631502,4003.1611132638573,Wakanda
2020-09-06 19:55:01.332430653,3546.395104105429,Buranda
2020-09-06 19:55:01.422338014,4495.8352940442,Wakanda
2020-09-06 20:00:00.191481794,5133.894865263226,Wakanda
2020-09-06 20:00:00.723192869,2923.4020299366894,Buranda
2020-09-06 20:05:00.703522026,3246.010909737737,Buranda
2020-09-06 20:05:01.795948629,5419.9158536081395,Wakanda
2020-09-06 20:10:00.154511754,4908.971646738483,Wakanda
2020-09-06 20:10:00.424210510,3341.59031455309,Buranda
2020-09-06 20:15:01.099411793,4408.211567247881,Wakanda
2020-09-06 20:15:01.909895207,3717.248529494439,Buranda
2020-09-06 20:20:00.435040168,,Buranda
2020-09-06 20:20:00.982279572,4071.2531829947884,Wakanda
2020-09-06 20:25:00.981921371,3974.4661900468163,Buranda
2020-09-06 20:25:01.741497462,,Wakanda
2020-09-06 20:30:00.914405057,3831.62579788693,Wakanda
2020-09-06 20:30:01.096870805,3475.691367382868,Buranda
2020-09-06 20:35:00.333657958,4348.482726822961,Buranda
2020-09-06 20:35:01.405048397,4017.7112896531935,Wakanda
2020-09-06 20:40:00.183853942,4847.183878460315,Wakanda
2020-09-06 20:40:01.191866748,2973.7619482548016,Buranda
2020-09-06 20:45:01.757769868,5523.618005257874,Wakanda
2020-09-06 20:45:01.838493384,4344.447991270376,Buranda
2020-09-06 20:50:01.607154722,2248.029155513757,Buranda
2020-09-06 20:50:01.950727838,6085.704071401444,Wakanda
2020-09-06 20:55:00.363343867,4852.137196099036,Buranda
2020-09-06 20:55:01.840465486,5774.945057567629,Wakanda
2020-09-06 21:00:00.243949882,5302.3189803191835,Wakanda
2020-09-06 21:00:01.870803219,2520.132120306021,Buranda
2020-09-06 21:05:01.168230213,4519.040002631964,Wakanda
2020-09-06 21:05:01.577694614,4451.948124076254,Buranda
2020-09-06 21:10:01.435796083,3537.7870415566153,Wakanda
2020-09-06 21:10:01.943076718,3239.7665861192486,Buranda
2020-09-06 21:15:01.159453448,3988.2538468889575,Buranda
2020-09-06 21:15:01.288653233,3025.336458491977,Wakanda
2020-09-06 21:20:01.669408025,3456.594905501481,Buranda
2020-09-06 21:20:01.703217219,3421.3540863535845,Wakanda
2020-09-06 21:25:01.019300174,3245.875788975802,Buranda
2020-09-06 21:25:01.965786002,3908.9323560875964,Wakanda
2020-09-06 21:30:00.047793121,3375.0855780452825,Buranda
2020-09-06 21:30:00.250194246,4361.113394402509,Wakanda
2020-09-06 21:35:01.047782567,4986.847120698216,Wakanda
2020-09-06 21:35:01.597989260,3411.986149711617,Buranda
2020-09-06 21:40:00.026432927,,Wakanda
2020-09-06 21:40:00.846316853,2923.357213181489,Buranda
2020-09-06 21:45:00.495600351,4956.34990447967,Wakanda
2020-09-06 21:45:01.422772170,4657.165729207235,Buranda
2020-09-06 21:50:00.442905004,4067.8939769799063,Wakanda
2020-09-06 21:50:01.413335624,,Buranda
2020-09-06 21:55:00.672857535,4466.099031859826,Buranda
2020-09-06 21:55:01.515607888,4137.474255108149,Wakanda
2020-09-06 22:00:00.498466096,3478.8935691537836,Buranda
2020-09-06 22:00:00.870260645,4363.577535512968,Wakanda
2020-09-06 22:05:00.775627549,4574.062325414782,Wakanda
2020-09-06 22:05:01.090341599,4055.7044268385307,Buranda
2020-09-06 22:10:00.678903601,3593.8114600033578,Buranda
2020-09-06 22:10:01.775964938,4446.5929739484145,Wakanda
2020-09-06 22:15:00.522129256,3789.0901311097714,Buranda
2020-09-06 22:15:01.757541892,5411.037214064273,Wakanda
2020-09-06 22:20:01.632246165,2320.5782373251513,Buranda
2020-09-06 22:20:01.738848834,,Wakanda
2020-09-06 22:25:00.981385484,7241.146267935597,Wakanda
2020-09-06 22:25:01.305237076,3265.7727169225873,Buranda
2020-09-06 22:30:00.505314307,2696.7335562570565,Buranda
2020-09-06 22:30:01.387011005,6017.009078209969,Wakanda
2020-09-06 22:35:00.226486339,4791.983027703691,Wakanda
2020-09-06 22:35:01.889299890,3335.129015938167,Buranda
2020-09-06 22:40:01.158112812,,Wakanda
2020-09-06 22:40:01.209489324,3754.401577264018,Buranda
2020-09-06 22:45:01.199337436,3057.707372767932,Buranda
2020-09-06 22:45:01.850937723,4508.781859021436,Wakanda
2020-09-06 22:50:00.006061662,4145.639011103107,Buranda
2020-09-06 22:50:00.582241310,4596.73797161981,Wakanda
2020-09-06 22:55:00.763268320,3198.374550607391,Buranda
2020-09-06 22:55:01.877370725,3917.390014547841,Wakanda
2020-09-06 23:00:00.322641811,,Buranda
2020-09-06 23:00:01.453031988,3842.694773500918,Wakanda
2020-09-06 23:05:01.482468425,4423.985055954821,Wakanda
2020-09-06 23:05:01.745719389,4415.156233533053,Buranda
2020-09-06 23:10:00.468686073,5119.390498621589,Buranda
2020-09-06 23:10:00.997564896,,Wakanda
2020-09-06 23:15:00.154465747,3614.757807061948,Buranda
2020-09-06 23:15:01.781312386,4982.80734729285,Wakanda
2020-09-06 23:20:00.001745584,4619.538981783353,Wakanda
2020-09-06 23:20:00.622774716,4991.824241582548,Buranda
2020-09-06 23:25:00.531942704,,Wakanda
2020-09-06 23:25:00.694449665,3367.3027379800046,Buranda
2020-09-06 23:30:01.343107188,4675.671761779102,Buranda
2020-09-06 23:30:01.672611197,3980.99727943988,Wakanda
2020-09-06 23:35:00.243242261,4031.1547433211126,Wakanda
2020-09-06 23:35:00.733261410,3027.1285495219986,Buranda
2020-09-06 23:40:00.065950054,4796.505681878412,Wakanda
2020-09-06 23:40:01.193313766,3919.5046815216224,Buranda
2020-09-06 23:45:00.062596239,5462.958893367674,Wakanda
2020-09-06 23:45:01.041959528,3808.6265864812412,Buranda
2020-09-06 23:50:00.815337495,4214.3214256648,Buranda
2020-09-06 23:50:01.555749839,4953.620067308195,Wakanda
2020-09-06 23:55:00.790079205,4238.1035191728515,Wakanda
2020-09-06 23:55:01.862516732,3379.396024101376,Buranda
2020-09-07 00:00:00.408637215,4256.7466383634,Buranda
2020-09-07 00:00:00.656929468,4938.917944605756,Wakanda
2020-09-07 00:05:01.224602479,4646.952360944317,Wakanda
2020-09-07 00:05:01.666616740,2763.5365558892627,Buranda
2020-09-07 00:10:00.401026929,4016.2810624711956,Buranda
2020-09-07 00:10:01.723530386,,Wakanda
2020-09-07 00:15:00.038702762,3016.119918277367,Buranda
2020-09-07 00:15:01.322538567,4564.300004644627,Wakanda
2020-09-07 00:20:01.136821275,,Wakanda
2020-09-07 00:20:01.551117370,3957.1945874760295,Buranda
2020-09-07 00:25:00.921206512,2068.344046077138,Buranda
2020-09-07 00:25:01.073358514,4181.155708135484,Wakanda
2020-09-07 00:30:00.282788369,4319.942555995769,Wakanda
2020-09-07 00:30:01.200901000,4692.26511222639,Buranda
2020-09-07 00:35:00.618987415,1887.5379456650871,Buranda
2020-09-07 00:35:01.127439211,3805.112392004251,Wakanda
2020-09-07 00:40:01.082264899,3935.341333776162,Wakanda
2020-09-07 00:40:01.198540328,4327.480428157271,Buranda
2020-09-07 00:45:01.524664731,3920.638915397352,Wakanda
2020-09-07 00:45:01.585985009,2280.831488004734,Buranda
2020-09-07 00:50:00.308660578,4723.095246449307,Buranda
2020-09-07 00:50:01.085327932,3589.265061113344,Wakanda
2020-09-07 00:55:00.639847728,4038.857422842716,Wakanda
2020-09-07 00:55:00.694655634,2383.96074977028,Buranda
2020-09-07 01:00:00.917033880,4612.923467383858,Wakanda
2020-09-07 01:00:00.970155034,4388.934114225656,Buranda
2020-09-07 01:05:00.117639806,5399.962968017685,Wakanda
2020-09-07 01:05:01.373571065,2316.987862342782,Buranda
2020-09-07 01:10:01.012980455,5262.677936055585,Wakanda
2020-09-07 01:10:01.355575492,3970.9985666616485,Buranda
2020-09-07 01:15:01.006947312,5703.204422099181,Wakanda
2020-09-07 01:15:01.681951029,2781.449199418412,Buranda
2020-09-07 01:20:00.847767533,5622.022553807155,Wakanda
2020-09-07 01:20:01.951830555,4484.885307598794,Buranda
2020-09-07 01:25:00.965174915,2927.219902941668,Buranda
2020-09-07 01:25:01.633965126,,Wakanda
2020-09-07 01:30:00.927991046,4543.934079239217,Wakanda
2020-09-07 01:30:01.709346022,4493.7103670300185,Buranda
2020-09-07 01:35:01.309712473,3292.5704941934546,Buranda
2020-09-07 01:35:01.353434316,3923.284273796048,Wakanda
2020-09-07 01:40:01.317616372,3454.5435759208926,Buranda
2020-09-07 01:40:01.415333151,3917.849371601307,Wakanda
2020-09-07 01:45:00.153528365,4436.872391866206,Wakanda
2020-09-07 01:45:01.062217247,3859.3759013959298,Buranda
2020-09-07 01:50:00.759444959,4588.469025432767,Wakanda
2020-09-07 01:50:01.637862768,3751.0465593859058,Buranda
2020-09-07 01:55:01.407504088,3435.7552728078444,Buranda
2020-09-07 01:55:01.938604783,5249.632439993124,Wakanda
2020-09-07 02:00:00.081001953,5123.353376637598,Wakanda
2020-09-07 02:00:00.694598810,3317.0357208297464,Buranda
2020-09-07 02:05:00.298042430,5118.849847687734,Wakanda
2020-09-07 02:05:01.167193195,4413.166302664085,Buranda
2020-09-07 02:10:00.076315159,4820.204145296656,Wakanda
2020-09-07 02:10:01.395137773,2466.056256202127,Buranda
2020-09-07 02:15:00.974641264,3742.6725675440052,Buranda
2020-09-07 02:15:01.746772045,5000.676824677982,Wakanda
2020-09-07 02:20:00.588704657,3384.5152965700836,Buranda
2020-09-07 02:20:01.770602049,5661.741917038448,Wakanda
2020-09-07 02:25:00.181856766,5434.271117982611,Wakanda
2020-09-07 02:25:00.794066477,4023.9527540025056,Buranda
2020-09-07 02:30:00.299546198,5524.884119743252,Wakanda
2020-09-07 02:30:01.736204472,3759.1166125744057,Buranda
2020-09-07 02:35:01.015485398,3744.812586869399,Buranda
2020-09-07 02:35:01.225563601,5400.710500082356,Wakanda
2020-09-07 02:40:00.993451090,2687.889112068876,Buranda
2020-09-07 02:40:01.276951850,5073.103657170763,Wakanda
2020-09-07 02:45:01.500942693,5020.421443579231,Wakanda
2020-09-07 02:45:01.548857339,3297.4022685494883,Buranda
2020-09-07 02:50:00.736329929,4795.6630669631495,Wakanda
2020-09-07 02:50:00.763586812,3288.477817100319,Buranda
2020-09-07 02:55:00.163429899,4672.233407035548,Wakanda
2020-09-07 02:55:00.585108311,3257.417971652556,Buranda
2020-09-07 03:00:00.427033757,3856.4916247238134,Buranda
2020-09-07 03:00:01.466145926,5465.304352032073,Wakanda
2020-09-07 03:05:00.801017713,3076.5053027933545,Buranda
2020-09-07 03:05:01.770600889,5816.564851000884,Wakanda
2020-09-07 03:10:01.328530069,3489.3607185711994,Buranda
2020-09-07 03:10:01.691680945,5513.54652786709,Wakanda
2020-09-07 03:15:00.537752556,4789.189864975573,Wakanda
2020-09-07 03:15:00.819722286,3233.793947467053,Buranda
2020-09-07 03:20:00.292553959,3127.7925514093104,Buranda
2020-09-07 03:20:01.840537238,4829.463784285954,Wakanda
2020-09-07 03:25:00.552055321,4055.428154587797,Buranda
2020-09-07 03:25:00.789236102,4279.90047079178,Wakanda
2020-09-07 03:30:01.242574096,4550.231288027681,Wakanda
2020-09-07 03:30:01.322006243,3213.240137925619,Buranda
2020-09-07 03:35:00.172561458,4925.898122108842,Wakanda
2020-09-07 03:35:00.737707651,4146.406181700078,Buranda
2020-09-07 03:40:00.127630185,5642.500855765135,Wakanda
2020-09-07 03:40:01.041702521,3113.802996385223,Buranda
2020-09-07 03:45:00.622031717,4286.24380792979,Buranda
2020-09-07 03:45:00.711697172,5138.768659862367,Wakanda
2020-09-07 03:50:00.003825478,3384.4749857307347,Buranda
2020-09-07 03:50:00.755666924,5090.89987984667,Wakanda
2020-09-07 03:55:00.137172057,5504.4571666250995,Wakanda
2020-09-07 03:55:01.516404517,3342.051650249615,Buranda
2020-09-07 04:00:00.428279436,3497.9241915682765,Buranda
2020-09-07 04:00:01.046519958,5494.946042259101,Wakanda
2020-09-07 04:05:01.585034902,5156.775135545131,Wakanda
2020-09-07 04:05:01.653703087,4090.1965330925404,Buranda
2020-09-07 04:10:00.745420783,,Wakanda
2020-09-07 04:10:01.573394753,2964.2994221506856,Buranda
2020-09-07 04:15:00.478622105,4047.329234887196,Buranda
2020-09-07 04:15:00.575468355,3867.5733716819423,Wakanda
2020-09-07 04:20:00.318244671,3315.918881324181,Buranda
2020-09-07 04:20:00.561914226,4108.30840013228,Wakanda
2020-09-07 04:25:01.036388470,3672.4141828653514,Buranda
2020-09-07 04:25:01.501909328,4969.383503806743,Wakanda
2020-09-07 04:30:00.128099374,5950.970209298419,Wakanda
2020-09-07 04:30:00.977296797,3214.924059517359,Buranda
2020-09-07 04:35:00.222248965,3134.541512650756,Buranda
2020-09-07 04:35:00.846327548,6207.632511568091,Wakanda
2020-09-07 04:40:00.971460192,5911.234240679863,Wakanda
2020-09-07 04:40:01.247881318,3281.379932511914,Buranda
2020-09-07 04:45:00.289704011,5572.8399641631,Wakanda
2020-09-07 04:45:00.548670439,2813.683223850091,Buranda
2020-09-07 04:50:00.690414332,3445.6763418075225,Buranda
2020-09-07 04:50:01.189384810,5207.141712971017,Wakanda
2020-09-07 04:55:00.668275011,2792.5478622069595,Buranda
2020-09-07 04:55:01.214040877,4467.734630391085,Wakanda
2020-09-07 05:00:01.080642349,4885.243395043556,Wakanda
2020-09-07 05:00:01.238484893,3677.633435019019,Buranda
2020-09-07 05:05:00.400052986,4618.377053184495,Wakanda
2020-09-07 05:05:01.605709214,3102.7289381241762,Buranda
2020-09-07 05:10:00.730594412,3443.0341082156347,Buranda
2020-09-07 05:10:01.937571756,4435.182290407423,Wakanda
2020-09-07 05:15:00.160491735,3361.4551545631675,Buranda
2020-09-07 05:15:00.749949944,4754.549618786865,Wakanda
2020-09-07 05:20:00.828149535,3210.621870358148,Buranda
2020-09-07 05:20:01.620333672,4780.550914860145,Wakanda
2020-09-07 05:25:01.396325035,3105.1596477784024,Buranda
2020-09-07 05:25:01.451042780,4619.787410134086,Wakanda
2020-09-07 05:30:01.154492400,3641.953107187022,Buranda
2020-09-07 05:30:01.648960817,4653.356896429246,Wakanda
2020-09-07 05:35:00.513820101,3315.4081709880456,Buranda
2020-09-07 05:35:00.638524454,4904.418742403189,Wakanda
2020-09-07 05:40:00.698521882,4493.116574924907,Buranda
2020-09-07 05:40:00.737277232,4857.171903684106,Wakanda
2020-09-07 05:45:01.564140278,3866.914080126418,Buranda
2020-09-07 05:45:01.972950450,4672.21760551757,Wakanda
2020-09-07 05:50:00.317766972,3926.0086129745805,Buranda
2020-09-07 05:50:01.857051601,4565.998347371476,Wakanda
2020-09-07 05:55:00.168018346,4555.140558018913,Wakanda
2020-09-07 05:55:00.654727727,2697.3244111932945,Buranda
2020-09-07 06:00:00.414153217,5411.325708477476,Buranda
2020-09-07 06:00:00.865237775,,Wakanda
2020-09-07 06:05:00.071770530,,Wakanda
2020-09-07 06:05:00.895080377,3411.0638115789916,Buranda
2020-09-07 06:10:00.255860297,5928.452617476678,Wakanda
2020-09-07 06:10:00.838455094,4039.0805633799155,Buranda
2020-09-07 06:15:00.297362294,2861.781915696829,Buranda
2020-09-07 06:15:01.285712201,5364.798000484292,Wakanda
2020-09-07 06:20:00.159793211,4998.673615807855,Wakanda
2020-09-07 06:20:01.598843934,3766.477705780656,Buranda
2020-09-07 06:25:00.206001009,,Wakanda
2020-09-07 06:25:00.780443928,3430.982967457945,Buranda
2020-09-07 06:30:01.724146428,,Wakanda
2020-09-07 06:30:01.750690296,3994.0434698750028,Buranda
2020-09-07 06:35:00.339269316,4425.36296403918,Buranda
2020-09-07 06:35:00.361406311,4519.511581016792,Wakanda
2020-09-07 06:40:00.067991478,4296.301125507947,Wakanda
2020-09-07 06:40:01.696994810,3936.091332716728,Buranda
2020-09-07 06:45:00.459389594,4206.752057231197,Buranda
2020-09-07 06:45:00.750060918,4637.631688957188,Wakanda
2020-09-07 06:50:00.968717448,3486.1760170039115,Buranda
2020-09-07 06:50:01.990319433,4727.425945584566,Wakanda
2020-09-07 06:55:00.108498222,3504.6432309766296,Buranda
2020-09-07 06:55:00.606761314,5358.889501156611,Wakanda
2020-09-07 07:00:00.069781937,5439.0428098797875,Wakanda
2020-09-07 07:00:01.666717722,3442.155425484187,Buranda
2020-09-07 07:05:01.476117590,3741.5205197278083,Buranda
2020-09-07 07:05:01.971641127,4767.791931547746,Wakanda
2020-09-07 07:10:00.001298763,4589.303163720937,Wakanda
2020-09-07 07:10:01.126933710,2721.7868890288646,Buranda
2020-09-07 07:15:01.017364352,5121.696418607433,Wakanda
2020-09-07 07:15:01.769934730,37296.743436440425,Buranda
2020-09-07 07:20:00.456111296,4011.0632654668866,Buranda
2020-09-07 07:20:01.858998878,5884.364939081659,Wakanda
2020-09-07 07:25:01.137691641,3020.227153334795,Buranda
2020-09-07 07:25:01.509379601,6289.922613467561,Wakanda
2020-09-07 07:30:00.422663043,5903.033208123015,Wakanda
2020-09-07 07:30:01.287097594,3972.0086867604887,Buranda
2020-09-07 07:35:00.350698452,4957.7111344736195,Wakanda
2020-09-07 07:35:01.138212627,3244.6806873772325,Buranda
2020-09-07 07:40:00.824707090,4857.990243132712,Buranda
2020-09-07 07:40:01.312667052,4796.7975629858975,Wakanda
2020-09-07 07:45:00.945677181,4666.645679778565,Wakanda
2020-09-07 07:45:01.343565748,3483.144674801425,Buranda
2020-09-07 07:50:00.273544404,3882.763111929282,Buranda
2020-09-07 07:50:01.253198279,,Wakanda
2020-09-07 07:55:01.461801944,2865.04221921986,Buranda
2020-09-07 07:55:01.803241424,,Wakanda
2020-09-07 08:00:00.088918186,,Buranda
2020-09-07 08:00:00.349768058,,Wakanda
2020-09-07 08:05:00.662600623,5400.260516222277,Wakanda
2020-09-07 08:05:01.267209120,3295.390024063156,Buranda
2020-09-07 08:10:00.004990698,5582.287226621466,Wakanda
2020-09-07 08:10:00.706193256,3814.6605780611026,Buranda
2020-09-07 08:15:01.186566680,5490.286740616486,Wakanda
2020-09-07 08:15:01.946620415,3162.5570782996565,Buranda
2020-09-07 08:20:01.186925787,5713.214825952292,Wakanda
2020-09-07 08:20:01.681587906,4050.0072121295184,Buranda
2020-09-07 08:25:00.337020648,3534.228466429769,Buranda
2020-09-07 08:25:00.365564598,,Wakanda
2020-09-07 08:30:00.520479476,4250.120794426133,Buranda
2020-09-07 08:30:01.808000412,5214.023679218806,Wakanda
2020-09-07 08:35:00.372092404,4618.234930298042,Wakanda
2020-09-07 08:35:00.763701221,3434.7008919749146,Buranda
2020-09-07 08:40:00.930042648,4583.309959108364,Wakanda
2020-09-07 08:40:01.975966353,3183.1829148634806,Buranda
2020-09-07 08:45:00.392257237,5079.871449597214,Wakanda
2020-09-07 08:45:01.124511847,3327.3816647650046,Buranda
2020-09-07 08:50:00.516436521,5241.885484928882,Wakanda
2020-09-07 08:50:01.089232756,3026.9686680871782,Buranda
2020-09-07 08:55:01.208471383,3228.8942482066723,Buranda
2020-09-07 08:55:01.733163627,5176.363925814705,Wakanda
2020-09-07 09:00:01.147112456,4694.084909493827,Wakanda
2020-09-07 09:00:01.154710813,3518.8967925465004,Buranda
2020-09-07 09:05:01.143153103,4442.8187158900655,Wakanda
2020-09-07 09:05:01.591368417,3642.1590464444703,Buranda
2020-09-07 09:10:00.351564733,3406.765930972393,Buranda
2020-09-07 09:10:00.758980288,3910.0597176778833,Wakanda
2020-09-07 09:15:01.610082532,4230.225250704514,Wakanda
2020-09-07 09:15:01.888588531,4134.379365596746,Buranda
2020-09-07 09:20:00.399784416,3916.4208741211964,Wakanda
2020-09-07 09:20:00.831971465,3584.3368996315585,Buranda
2020-09-07 09:25:00.399552332,3426.150500058891,Buranda
2020-09-07 09:25:01.048825442,3436.087553307747,Wakanda
2020-09-07 09:30:00.390654299,3380.3208820521304,Buranda
2020-09-07 09:30:01.141911156,3847.349270555145,Wakanda
2020-09-07 09:35:00.539300363,4495.809011950459,Wakanda
2020-09-07 09:35:00.624677814,4035.371079338379,Buranda
2020-09-07 09:40:01.170548383,2444.7822133504033,Buranda
2020-09-07 09:40:01.627832645,5030.727111723971,Wakanda
2020-09-07 09:45:00.858564134,5450.591684263269,Wakanda
2020-09-07 09:45:01.427935878,4028.7736516562636,Buranda
2020-09-07 09:50:01.027722033,2871.6185884664283,Buranda
2020-09-07 09:50:01.971680099,5119.655155406907,Wakanda
2020-09-07 09:55:00.259655444,4194.6551399682985,Wakanda
2020-09-07 09:55:00.336889201,3712.401704829837,Buranda
2020-09-07 10:00:01.007751522,4483.954100190839,Wakanda
2020-09-07 10:00:01.421801669,3589.6206330186897,Buranda
2020-09-07 10:05:01.853552949,4071.2162528841413,Buranda
2020-09-07 10:05:01.857474068,5318.6788251745675,Wakanda
2020-09-07 10:10:01.711218383,5120.832416213074,Wakanda
2020-09-07 10:10:01.932949493,2855.577537335613,Buranda
2020-09-07 10:15:00.156402906,4392.520892849637,Wakanda
2020-09-07 10:15:01.604814842,4671.954204289812,Buranda
2020-09-07 10:20:00.930375507,,Buranda
2020-09-07 10:20:01.275458256,4327.578913602107,Wakanda
2020-09-07 10:25:00.186476586,3974.5062870982856,Buranda
2020-09-07 10:25:01.913090744,5745.4257304041075,Wakanda
2020-09-07 10:30:00.028410971,2984.8194103118753,Buranda
2020-09-07 10:30:00.898605743,6559.841133431293,Wakanda
2020-09-07 10:35:00.670479163,3707.257396647094,Buranda
2020-09-07 10:35:00.908442758,6058.998593964245,Wakanda
2020-09-07 10:40:00.783798818,3030.472449173767,Buranda
2020-09-07 10:40:01.637165050,5360.246083358976,Wakanda
2020-09-07 10:45:00.937663030,,Wakanda
2020-09-07 10:45:01.503329445,3699.2202595916306,Buranda
2020-09-07 10:50:00.837434206,3052.1679125266064,Buranda
2020-09-07 10:50:01.931010358,5259.195470271057,Wakanda
2020-09-07 10:55:00.412865587,4403.1090936561195,Wakanda
2020-09-07 10:55:01.905902017,3542.22105963801,Buranda
2020-09-07 11:00:00.728060140,3006.7401468222447,Buranda
2020-09-07 11:00:01.393965835,3871.1025248129363,Wakanda
2020-09-07 11:05:00.757272895,3173.6247159491413,Buranda
2020-09-07 11:05:01.138652690,4142.735794060227,Wakanda
2020-09-07 11:10:00.116519767,4439.758493536098,Wakanda
2020-09-07 11:10:01.858066053,3403.013444184782,Buranda
2020-09-07 11:15:00.976525546,3230.378489549549,Buranda
2020-09-07 11:15:01.278197106,4967.68805077722,Wakanda
2020-09-07 11:20:01.228232139,5182.239816206413,Wakanda
2020-09-07 11:20:01.923735461,3131.4374884153367,Buranda
2020-09-07 11:25:00.292014795,5070.000622941977,Wakanda
2020-09-07 11:25:01.171350841,3909.9095605263365,Buranda
2020-09-07 11:30:00.643241450,3396.1079979374576,Buranda
2020-09-07 11:30:01.699506469,5282.062724906757,Wakanda
2020-09-07 11:35:00.866134998,,Buranda
2020-09-07 11:35:01.098814753,5290.456147029927,Wakanda
2020-09-07 11:40:01.693332486,4552.191460297514,Wakanda
2020-09-07 11:40:01.777553735,3624.2850041738848,Buranda
2020-09-07 11:45:01.009902608,3413.3485374146503,Buranda
2020-09-07 11:45:01.758950771,4441.7083248813215,Wakanda
2020-09-07 11:50:00.363073284,3963.12031890667,Buranda
2020-09-07 11:50:01.477106195,4749.123223834658,Wakanda
2020-09-07 11:55:00.739898511,3289.1100950333985,Buranda
2020-09-07 11:55:01.542347820,5366.645373564288,Wakanda
2020-09-07 12:00:00.568522414,4691.129671438511,Buranda
2020-09-07 12:00:01.070883273,4938.048451680826,Wakanda
2020-09-07 12:05:00.405085375,3354.374297523565,Buranda
2020-09-07 12:05:00.691628188,5543.565776914923,Wakanda
2020-09-07 12:10:00.670738416,6301.506972012979,Wakanda
2020-09-07 12:10:01.474541945,4909.959533969452,Buranda
2020-09-07 12:15:00.776546673,3409.661034478156,Buranda
2020-09-07 12:15:00.912151352,6923.456040087201,Wakanda
2020-09-07 12:20:00.020245670,7307.843601080032,Wakanda
2020-09-07 12:20:01.912434829,3592.7586459879294,Buranda
2020-09-07 12:25:00.366494223,3298.1323986519337,Buranda
2020-09-07 12:25:01.488436379,7168.8506659284285,Wakanda
2020-09-07 12:30:01.602226297,6033.908076300348,Wakanda
2020-09-07 12:30:01.894786348,3257.6067489943616,Buranda
2020-09-07 12:35:00.697229355,5264.444399513548,Wakanda
2020-09-07 12:35:01.454494060,3428.4999600447068,Buranda
2020-09-07 12:40:00.919848142,4309.377331755724,Buranda
2020-09-07 12:40:01.812167823,4066.499835545701,Wakanda
2020-09-07 12:45:00.738809495,3904.7195618732612,Wakanda
2020-09-07 12:45:00.745176117,4270.599116649686,Buranda
2020-09-07 12:50:00.733811331,4072.8674124872823,Buranda
2020-09-07 12:50:00.748074984,3979.761675521507,Wakanda
2020-09-07 12:55:01.335592049,4354.98283531115,Wakanda
2020-09-07 12:55:01.926461265,3566.6527016947,Buranda
2020-09-07 13:00:00.310469010,4296.784530938308,Wakanda
2020-09-07 13:00:01.257089856,3997.5414086195533,Buranda
2020-09-07 13:05:01.540162486,5228.160768926845,Wakanda
2020-09-07 13:05:01.556853712,3541.5231542918764,Buranda
2020-09-07 13:10:00.358671384,3736.8553068240817,Buranda
2020-09-07 13:10:00.698892302,5803.176960088269,Wakanda
2020-09-07 13:15:00.124180598,4012.896376660203,Buranda
2020-09-07 13:15:01.246812556,5617.167812324969,Wakanda
2020-09-07 13:20:01.018206041,5913.351247400888,Wakanda
2020-09-07 13:20:01.479870189,,Buranda
2020-09-07 13:25:00.439025676,4433.805200286002,Buranda
2020-09-07 13:25:01.692762409,5257.968057151034,Wakanda
2020-09-07 13:30:00.248983747,5041.664445046897,Wakanda
2020-09-07 13:30:01.186092412,3347.144939482253,Buranda
2020-09-07 13:35:00.259957718,4055.7609701200145,Buranda
2020-09-07 13:35:01.699286378,5168.498241183968,Wakanda
2020-09-07 13:40:01.117956182,3489.938135070339,Buranda
2020-09-07 13:40:01.398295139,4969.672399188156,Wakanda
2020-09-07 13:45:00.455756804,2853.9800701070517,Buranda
2020-09-07 13:45:01.307953092,4673.895229825339,Wakanda
2020-09-07 13:50:00.947225786,4329.1300567461785,Buranda
2020-09-07 13:50:01.515487009,5036.312857913076,Wakanda
2020-09-07 13:55:00.493304952,5414.552258575281,Wakanda
2020-09-07 13:55:01.791913793,3224.0188783062977,Buranda
2020-09-07 14:00:00.541586989,5084.223375427648,Wakanda
2020-09-07 14:00:01.752271518,3117.1988956360824,Buranda
2020-09-07 14:05:00.699017923,4292.526291225015,Buranda
2020-09-07 14:05:01.866270929,4939.070968306995,Wakanda
2020-09-07 14:10:01.195803772,2906.2685697021448,Buranda
2020-09-07 14:10:01.671331867,4738.536555347935,Wakanda
2020-09-07 14:15:01.470607699,,Wakanda
2020-09-07 14:15:01.503568233,4054.9540644686977,Buranda
2020-09-07 14:20:00.766258684,3256.120103479398,Wakanda
2020-09-07 14:20:01.373826845,2906.7032313831733,Buranda
2020-09-07 14:25:00.258228611,3541.3566251522825,Wakanda
2020-09-07 14:25:01.641532440,2765.4881185424415,Buranda
2020-09-07 14:30:00.466218204,5051.303275779022,Wakanda
2020-09-07 14:30:00.939303526,2994.7554839933337,Buranda
2020-09-07 14:35:00.268567143,6220.322587599549,Wakanda
2020-09-07 14:35:00.332755576,3181.3258266236,Buranda
2020-09-07 14:40:00.276923818,6519.4842323356415,Wakanda
2020-09-07 14:40:00.541064352,2676.817559060358,Buranda
2020-09-07 14:45:00.236367558,5687.0140530342915,Wakanda
2020-09-07 14:45:01.704392605,3511.5737066528263,Buranda
2020-09-07 14:50:01.848201802,3167.581561438889,Buranda
2020-09-07 14:50:01.992053267,4663.100003202971,Wakanda
2020-09-07 14:55:00.043745389,4045.176355670164,Buranda
2020-09-07 14:55:01.716322240,3618.8742897011703,Wakanda
2020-09-07 15:00:01.372711506,3283.04414846452,Wakanda
2020-09-07 15:00:01.979659740,,Buranda
2020-09-07 15:05:00.384615545,3001.1661108724516,Wakanda
2020-09-07 15:05:01.851558818,4718.755153344169,Buranda
2020-09-07 15:10:00.852738262,4151.30512725627,Wakanda
2020-09-07 15:10:00.869056612,2618.629482599664,Buranda
2020-09-07 15:15:00.860003381,5519.777680338266,Wakanda
2020-09-07 15:15:01.044678495,4005.893224794076,Buranda
2020-09-07 15:20:00.006819909,6172.608303242861,Wakanda
2020-09-07 15:20:01.444591315,,Buranda
2020-09-07 15:25:00.046447366,3533.3573480207388,Buranda
2020-09-07 15:25:01.132427415,5728.327710859334,Wakanda
2020-09-07 15:30:00.548975130,2907.0924340330694,Buranda
2020-09-07 15:30:01.607635541,4882.53170214389,Wakanda
2020-09-07 15:35:00.183017771,3425.4278314154562,Buranda
2020-09-07 15:35:01.341500956,4225.455549926116,Wakanda
2020-09-07 15:40:01.267320713,3348.1169087879834,Buranda
2020-09-07 15:40:01.499765515,3734.6388820640154,Wakanda
2020-09-07 15:45:01.196274919,3145.5602691180816,Buranda
2020-09-07 15:45:01.362570404,3961.7889061386777,Wakanda
2020-09-07 15:50:01.050038093,4103.96988088243,Wakanda
2020-09-07 15:50:01.323196110,4586.411773146635,Buranda
2020-09-07 15:55:00.785544717,2754.7484748658017,Buranda
2020-09-07 15:55:01.370393594,4994.452053827376,Wakanda
2020-09-07 16:00:01.374321944,6156.1160292531185,Wakanda
2020-09-07 16:00:01.949443211,,Buranda
2020-09-07 16:05:01.770437728,3627.950352215207,Buranda
2020-09-07 16:05:01.832392042,6521.036257661165,Wakanda
2020-09-07 16:10:01.656722584,4436.908670325719,Buranda
2020-09-07 16:10:01.825104193,5751.930016962882,Wakanda
2020-09-07 16:15:00.273152105,3407.8383379212855,Buranda
2020-09-07 16:15:01.754905977,5364.417894274049,Wakanda
2020-09-07 16:20:00.555168190,5449.850722124822,Wakanda
2020-09-07 16:20:01.466536742,3700.6596955328737,Buranda
2020-09-07 16:25:00.122522234,3712.351078204805,Buranda
2020-09-07 16:25:00.175462057,4654.687016599493,Wakanda
2020-09-07 16:30:00.585614605,3814.959219185891,Buranda
2020-09-07 16:30:01.352296682,4290.610417125401,Wakanda
2020-09-07 16:35:00.289154749,3520.3502831977835,Buranda
2020-09-07 16:35:00.333087288,4168.713444306146,Wakanda
2020-09-07 16:40:01.425536039,2654.633420763884,Buranda
2020-09-07 16:40:01.817118849,4295.815348108218,Wakanda
2020-09-07 16:45:00.095631270,4737.154427455167,Buranda
2020-09-07 16:45:00.291000021,4825.522172728472,Wakanda
2020-09-07 16:50:00.234203229,4831.440872825059,Wakanda
2020-09-07 16:50:01.753866132,2527.601166928931,Buranda
2020-09-07 16:55:00.365781767,5034.8394941052975,Wakanda
2020-09-07 16:55:01.706300998,4033.325154711417,Buranda
2020-09-07 17:00:00.606203186,5092.411459627272,Wakanda
2020-09-07 17:00:01.424227110,,Buranda
2020-09-07 17:05:00.555242804,4288.41702610187,Buranda
2020-09-07 17:05:00.861326763,5355.949481145493,Wakanda
2020-09-07 17:10:00.580473834,2772.3843725975644,Buranda
2020-09-07 17:10:01.865861829,5245.56991628913,Wakanda
2020-09-07 17:15:00.251880428,5374.470576577662,Wakanda
2020-09-07 17:15:01.780316873,4645.988803313185,Buranda
2020-09-07 17:20:00.103986399,5203.84636610131,Wakanda
2020-09-07 17:20:01.067779235,2188.3021166886806,Buranda
2020-09-07 17:25:00.479759719,4039.1328078375604,Buranda
2020-09-07 17:25:00.979195213,4815.918162760483,Wakanda
2020-09-07 17:30:00.486987484,3426.982473656825,Buranda
2020-09-07 17:30:01.241237854,4956.696368376435,Wakanda
2020-09-07 17:35:01.335019644,4132.91183995214,Buranda
2020-09-07 17:35:01.686606231,5061.0736186377,Wakanda
2020-09-07 17:40:00.827334457,5207.446835740642,Wakanda
2020-09-07 17:40:01.525055779,3023.7465882927654,Buranda
2020-09-07 17:45:00.660957988,5494.577025192595,Wakanda
2020-09-07 17:45:01.794560490,3374.09556877428,Buranda
2020-09-07 17:50:00.193373739,5900.216198513188,Wakanda
2020-09-07 17:50:01.217285339,,Buranda
2020-09-07 17:55:00.784317292,4116.501744082187,Buranda
2020-09-07 17:55:01.009393380,5896.083329709689,Wakanda
2020-09-07 18:00:00.205182711,6025.26022610339,Wakanda
2020-09-07 18:00:01.272156540,2399.401400566683,Buranda
2020-09-07 18:05:00.208393539,,Buranda
2020-09-07 18:05:00.822342804,5765.058307360285,Wakanda
2020-09-07 18:10:01.346652068,3579.626277386662,Buranda
2020-09-07 18:10:01.730613980,5404.4214322259495,Wakanda
2020-09-07 18:15:00.315997299,4674.68930626946,Wakanda
2020-09-07 18:15:00.994910872,4060.5137925655927,Buranda
2020-09-07 18:20:00.344355384,4293.8178342315405,Wakanda
2020-09-07 18:20:00.894009664,4429.542982828084,Buranda
2020-09-07 18:25:00.587014914,4264.72232983146,Wakanda
2020-09-07 18:25:01.552402215,3195.6956091998645,Buranda
2020-09-07 18:30:00.217890125,4964.2419383096,Wakanda
2020-09-07 18:30:00.667348235,,Buranda
2020-09-07 18:35:00.199595197,5312.044982586515,Wakanda
2020-09-07 18:35:01.955552387,,Buranda
2020-09-07 18:40:00.169416760,3854.2041966421393,Buranda
2020-09-07 18:40:00.501785981,6604.708313076865,Wakanda
2020-09-07 18:45:01.461670178,2832.165656581704,Buranda
2020-09-07 18:45:01.681392366,7282.38476528353,Wakanda
2020-09-07 18:50:00.127932786,4558.832589831918,Buranda
2020-09-07 18:50:01.449047386,6803.037119553542,Wakanda
2020-09-07 18:55:01.787033490,5832.191081026944,Wakanda
2020-09-07 18:55:01.901875415,3717.3095350650538,Buranda
2020-09-07 19:00:00.395474394,,Buranda
2020-09-07 19:00:01.270727500,5221.6404150888775,Wakanda
2020-09-07 19:05:00.397008753,3638.24184834262,Buranda
2020-09-07 19:05:01.559970543,4234.513888001171,Wakanda
2020-09-07 19:10:00.235197016,3468.2158575048543,Buranda
2020-09-07 19:10:00.388626104,3357.819156998125,Wakanda
2020-09-07 19:15:00.545169887,,Wakanda
2020-09-07 19:15:01.055852374,3508.98783081502,Buranda
2020-09-07 19:20:00.381969974,3843.38827094744,Buranda
2020-09-07 19:20:01.771942371,4529.563084071264,Wakanda
2020-09-07 19:25:00.749175530,5937.162381407797,Wakanda
2020-09-07 19:25:01.116220607,3386.575520486791,Buranda
2020-09-07 19:30:00.591580735,3048.4568114823564,Buranda
2020-09-07 19:30:00.988186620,6068.423236313354,Wakanda
2020-09-07 19:35:00.466967631,6031.475703112295,Wakanda
2020-09-07 19:35:01.799024480,3998.702682763469,Buranda
2020-09-07 19:40:01.192091679,5088.726376334804,Wakanda
2020-09-07 19:40:01.655180318,2721.6178494294127,Buranda
2020-09-07 19:45:00.437089922,3642.7933039392456,Buranda
2020-09-07 19:45:01.894767281,3992.9795969355196,Wakanda
2020-09-07 19:50:01.413066040,,Buranda
2020-09-07 19:50:01.711115802,3889.695144611631,Wakanda
2020-09-07 19:55:01.086666328,3761.6526689964994,Buranda
2020-09-07 19:55:01.445869808,4587.581934429741,Wakanda
2020-09-07 20:00:00.600740077,4792.873098850316,Wakanda
2020-09-07 20:00:01.590305405,3498.9223950280466,Buranda
2020-09-07 20:05:00.897371040,4719.470720380494,Wakanda
2020-09-07 20:05:01.100680002,3079.03187412042,Buranda
2020-09-07 20:10:00.139149916,4626.784610044781,Wakanda
2020-09-07 20:10:00.159599846,3513.985609148957,Buranda
2020-09-07 20:15:00.850998172,3062.934371299017,Buranda
2020-09-07 20:15:01.717881369,4766.608072651685,Wakanda
2020-09-07 20:20:01.801295060,5412.888928190901,Wakanda
2020-09-07 20:20:01.842199588,2413.255216894528,Buranda
2020-09-07 20:25:01.687199422,5544.721206536909,Wakanda
2020-09-07 20:25:01.790115982,3701.9900967911585,Buranda
2020-09-07 20:30:00.057361171,4760.659222914455,Wakanda
2020-09-07 20:30:00.699133141,3584.4635397343254,Buranda
2020-09-07 20:35:00.709787906,3908.463216270513,Buranda
2020-09-07 20:35:01.678435555,4407.25902441031,Wakanda
2020-09-07 20:40:00.688576277,2775.3423729461297,Buranda
2020-09-07 20:40:01.425983635,5453.9829427707255,Wakanda
2020-09-07 20:45:00.388471393,6226.522514636618,Wakanda
2020-09-07 20:45:01.575895994,4764.371816990613,Buranda
2020-09-07 20:50:00.401365946,5346.914010231554,Wakanda
2020-09-07 20:50:01.205488712,3477.132104836299,Buranda
2020-09-07 20:55:00.567380632,4761.1191030228765,Buranda
2020-09-07 20:55:01.877712648,4693.3921008059015,Wakanda
2020-09-07 21:00:00.922803182,4305.030963433577,Wakanda
2020-09-07 21:00:01.620237514,3194.9927521240356,Buranda
2020-09-07 21:05:00.966547918,4128.146912177311,Wakanda
2020-09-07 21:05:01.302795375,4490.162464538974,Buranda
2020-09-07 21:10:00.952984099,4699.049757630297,Wakanda
2020-09-07 21:10:01.032444976,3006.4777890161863,Buranda
2020-09-07 21:15:00.725434985,4111.881588831429,Buranda
2020-09-07 21:15:01.085840889,4630.843386556313,Wakanda
2020-09-07 21:20:00.155486001,4858.3120062539065,Wakanda
2020-09-07 21:20:00.925560528,4060.0675301852652,Buranda
2020-09-07 21:25:01.649008058,4374.0577228134325,Buranda
2020-09-07 21:25:01.758504585,4861.839314758845,Wakanda
2020-09-07 21:30:01.093647397,3693.7312860423617,Buranda
2020-09-07 21:30:01.186890358,4257.147789417399,Wakanda
2020-09-07 21:35:00.118085051,4325.989920996265,Wakanda
2020-09-07 21:35:01.239649633,3515.28090308652,Buranda
2020-09-07 21:40:00.678258885,4800.736221204943,Wakanda
2020-09-07 21:40:00.879180806,4750.532761820497,Buranda
2020-09-07 21:45:00.000670152,5136.330714582922,Wakanda
2020-09-07 21:45:00.785315969,3529.9329561477434,Buranda
2020-09-07 21:50:00.853716603,4203.6833516262095,Buranda
2020-09-07 21:50:01.576801213,5194.020564641782,Wakanda
2020-09-07 21:55:00.516056673,3424.150280315511,Buranda
2020-09-07 21:55:01.017931455,5415.828871972317,Wakanda
2020-09-07 22:00:01.371039298,4053.1984633377747,Buranda
2020-09-07 22:00:01.402986166,6128.496737133197,Wakanda
2020-09-07 22:05:00.899893571,3004.3090433200236,Buranda
2020-09-07 22:05:01.600875693,5944.567783652257,Wakanda
2020-09-07 22:10:01.194850321,4465.744101515647,Buranda
2020-09-07 22:10:01.561766567,5656.378738508285,Wakanda
2020-09-07 22:15:00.305441844,4877.216970779957,Wakanda
2020-09-07 22:15:01.977835149,,Buranda
2020-09-07 22:20:00.891968318,4514.392610587549,Wakanda
2020-09-07 22:20:01.290949337,4406.134177358106,Buranda
2020-09-07 22:25:00.180773698,,Wakanda
2020-09-07 22:25:01.466318326,3530.6742335598246,Buranda
2020-09-07 22:30:00.117926879,4805.037683478442,Buranda
2020-09-07 22:30:01.913529660,3533.353740065411,Wakanda
2020-09-07 22:35:00.892951869,2966.4050146142117,Buranda
2020-09-07 22:35:01.087093037,3114.650150596329,Wakanda
2020-09-07 22:40:01.295031969,3773.2380546716413,Wakanda
2020-09-07 22:40:01.601908697,4877.456303114039,Buranda
2020-09-07 22:45:00.836092266,3492.329588038838,Buranda
2020-09-07 22:45:01.150288540,4668.892781412043,Wakanda
2020-09-07 22:50:00.138489157,4854.122005180747,Wakanda
2020-09-07 22:50:00.234816219,3966.7980694974563,Buranda
2020-09-07 22:55:00.067196069,5239.6511817633,Wakanda
2020-09-07 22:55:01.061230418,3306.5869286330826,Buranda
2020-09-07 23:00:00.523696234,4794.395818790604,Wakanda
2020-09-07 23:00:01.547994915,,Buranda
2020-09-07 23:05:01.087730699,4214.273620604841,Wakanda
2020-09-07 23:05:01.934536463,29690.849041260262,Buranda
2020-09-07 23:10:01.480686905,3726.4122742348854,Buranda
2020-09-07 23:10:01.866355802,4574.577971261793,Wakanda
2020-09-07 23:15:00.300368316,5279.086071341862,Wakanda
2020-09-07 23:15:00.415930790,,Buranda
2020-09-07 23:20:00.019157882,,Wakanda
2020-09-07 23:20:00.471890930,3562.844640674937,Buranda
2020-09-07 23:25:00.654351847,3773.117050472788,Buranda
2020-09-07 23:25:01.417443835,5744.444941545711,Wakanda
2020-09-07 23:30:00.329685481,3517.3703609689896,Buranda
2020-09-07 23:30:01.110547233,5502.234231913095,Wakanda
2020-09-07 23:35:00.924042718,4110.057884819949,Buranda
2020-09-07 23:35:01.302194320,5269.377711114152,Wakanda
2020-09-07 23:40:00.202291086,3500.644590800439,Buranda
2020-09-07 23:40:01.472248022,4935.927172979617,Wakanda
2020-09-07 23:45:00.484961499,5432.015716640739,Wakanda
2020-09-07 23:45:01.404531612,3895.8177165885527,Buranda
2020-09-07 23:50:00.283290274,5756.125171246011,Wakanda
2020-09-07 23:50:01.858081713,3661.113941795541,Buranda
2020-09-07 23:55:00.290465808,3053.7160510475196,Buranda
2020-09-07 23:55:01.695819795,5795.568576164591,Wakanda
2020-09-08 00:00:00.061642127,3157.1720158329103,Buranda
2020-09-08 00:00:00.533911733,5368.871999013711,Wakanda
